Year,ISO_Code,Countries,Economic Freedom Summary Index,Rank,Quartile,Government consumption,1A data,Transfers and subsidies,1B data,Government investment,1C data,Top marginal income tax rate,1Di data,Top marginal income and payroll tax rate,1Dii data,Top marginal tax rate,State ownership of assets,Size of Government,Judicial independence,Impartial courts,Protection of property rights,Military interference in rule of law and politics,Integrity of the legal system,Legal enforcement of contracts,Regulatory restrictions on the sale of real property,Reliability of police,Gender Legal Rights Adjustment,Legal System & Property Rights,Money growth,data,Standard deviation of inflation,data,Inflation: Most recent year,data,Freedom to own foreign currency bank accounts,Sound Money,Revenue from trade taxes (% of trade sector),data,Mean tariff rate,data,Standard deviation of tariff rates,data,Tariffs,Non-tariff trade barriers,Compliance costs of importing and exporting,Regulatory trade barriers,Black market exchange rates,Financial Openness,Capital controls,Freedom of foreigners to visit,Controls of the movement of capital and people,Freedom to Trade Internationally,Ownership of banks,Private sector credit,Interest rate controls/negative real interest rates),Credit market regulations,Hiring regulations and minimum wage,Hiring and firing regulations,Centralized collective bargaining,Hours Regulations,Mandated cost of worker dismissal,Conscription,Labor market regulations,Administrative requirements,Regulatory Burden,Starting a business,Impartial Public Administration,Licensing restrictions,Tax compliance,Business regulations,Regulation
2018,AGO,Angola,4.75,159,4,7.7,13.82,9.62,1.88,6.33,27.86,10,17,9,25,9.5,3.38,7.31,3.17,3.22,4.17,3.3,4.87,2.3,5.52,3.81,0.81,3.43,9.87,0.63,2.98,17.55,5.96,20.19,0,4.7,9.24,1.14,8.16,9.2,4.41,13.98,7.27,4.7,2.51,3.6,0,0,2.31,0.11,0.81,2.92,5,6.53,4,5.18,10,4.43,6.97,4,6.63,0,5.34,2.94,2.44,8.73,5.04,7.92,6.78,5.64,5.39
2018,ALB,Albania,7.8,26,1,8.16,12.27,6.74,12.47,8,22.02,9,23,7,34,8,9.54,8.09,3.56,3.65,4.94,8.3,5.71,3.91,6.72,5.61,0.95,5.17,9.96,-0.21,9.74,0.65,9.59,2.03,10,9.82,9.67,0.5,9.28,3.6,8.1,4.75,9.02,6.81,9.41,8.11,10,4.16,4.62,8.3,5.69,8.2,10,9.21,10,9.74,5.57,4.87,5.58,8,6.3,10,6.72,5.65,6.67,9.74,5.4,5.62,7.18,6.71,7.72
2018,ARE,United Arab Emirates,7.05,74,2,4.29,25.42,8.18,7.18,0,57.84,10,0,10,16,10,3.93,5.28,5.3,6.65,6.12,8.3,6.11,5.83,9.91,8.61,0.48,5.25,9.72,-1.38,6.81,7.98,9.39,3.07,10,8.98,10,0,9.04,4.8,6.31,9.22,8.45,7.11,8.33,7.72,10,10,5.38,5.31,6.9,8.27,5,10,8,7.67,10,6.93,7.38,6,10,0,6.72,7.03,5.78,9.69,7.25,10,8.7,8.07,7.49
2018,ARG,Argentina,5.78,144,4,5.94,19.81,6.31,14.05,7.59,23.45,7,35,1,57,4,6.41,6.05,4.27,4.26,5.63,7.5,4.78,3.82,6.86,4.41,0.79,4.63,5.67,21.66,6.45,8.87,3.14,34.3,5,5.07,7.11,4.34,7.28,13.6,5.92,10.2,6.77,5.07,5.65,5.36,10,7.6,6.92,7.97,7.49,7.41,5,4.26,8,5.75,2.77,2.24,3.19,10,2.52,10,5.12,2.71,6.67,9.58,7.2,5.73,6.51,6.4,5.76
2018,ARM,Armenia,7.92,18,1,7.72,13.76,7.71,8.9,9.3,17.46,5,36,5,36,5,9.51,7.85,4.01,4.89,6.02,5.8,5.45,5.2,9.82,6.67,1,5.98,9.11,4.45,9.62,0.96,9.5,2.52,10,9.56,9.03,1.46,8.7,6.5,7.58,6.05,8.44,5.69,9.32,7.5,10,8.34,5.38,10,7.91,8.46,10,8.64,10,9.55,6.67,5.6,7.25,10,9.25,0,6.46,5.17,6,9.86,6.3,9.3,7.04,7.28,7.76
2018,AUS,Australia,8.23,5,1,4.45,24.87,6.87,11.99,9.92,15.28,6,45,5,47,5.5,7.76,6.9,7.5,6.57,7.62,10,8.44,6.76,8.14,8.42,1,7.93,9.72,1.39,9.28,1.79,9.62,1.91,10,9.66,8.69,1.96,9.5,2.5,9.04,2.4,9.08,7.12,8.43,7.78,10,10,4.62,0.11,4.91,7.94,10,9.84,10,9.95,8.9,3.91,6.08,10,7.93,10,7.8,3.98,8.89,9.93,10,8.95,8.82,8.43,8.73
2018,AUT,Austria,7.8,26,1,3.77,27.18,3.49,24.4,10,12.43,4,55,3,59,3.5,7.55,5.66,6.78,6.9,7.64,10,8.62,6.99,8.1,8.6,1,7.95,7.96,10.21,9.86,0.34,9.6,2,10,9.36,9.13,1.3,8.96,5.2,6.7,8.26,8.26,6.66,9.98,8.32,10,10,3.08,7.74,6.94,8.38,8,9.71,10,9.24,8.9,4.78,2.49,6,10,3,5.86,4.47,9.56,9.24,8.3,7.3,8.53,7.9,7.67
2018,AZE,Azerbaijan,6.37,112,3,7.04,16.05,7.94,8.07,1.85,43.53,9,25,4,41,6.5,2.8,5.22,3.12,4.38,5.86,5,4.49,7.25,7.61,7.6,0.67,4.72,8.94,5.32,5.72,10.71,9.62,1.92,5,7.32,9.04,1.43,8.2,9,6.69,8.28,7.98,6.63,8.2,7.42,10,4.66,4.62,1.44,3.57,7.24,5,10,10,8.33,8.33,7.25,8.18,6,8.5,1,6.54,7.21,6.22,9.88,2.22,9.02,8.22,7.13,7.34
2018,BDI,Burundi,5.94,134,4,4.36,25.17,10,0.47,8.06,21.8,8,30,5,38,6.5,5.26,6.84,3.05,3.49,4.71,,3.16,2.81,8.55,5.37,0.95,4.34,7.97,10.17,7.84,5.39,9.44,-2.81,10,8.81,8.07,2.9,7.44,12.8,5.14,12.16,6.88,4.55,1.14,2.84,0,0,1.54,10,3.85,3.39,5,0,10,5,10,5.12,7.45,8,7.76,10,8.05,4.91,2.44,9.71,1.43,9.76,7.4,5.94,6.33
2018,BEL,Belgium,7.56,49,2,2.68,30.9,2.14,29.34,10,11.08,2,50-55,0,67-70,1,8.68,4.9,6.68,6.33,7.28,10,7.62,6.53,4.9,7.6,1,7.12,7.89,10.56,9.83,0.42,9.59,2.05,10,9.33,9.13,1.3,8.96,5.2,6.26,9.36,8.12,5.64,9.98,7.81,10,10,3.85,7.74,7.2,8.28,8,9.64,10,9.21,8.9,3.75,5.85,6,10,10,7.42,3.5,8.44,9.78,10,7.46,8.48,7.94,8.19
2018,BEN,Benin,6.2,125,4,7.29,15.23,9.77,1.34,5.47,30.84,4,45,3,46,3.5,7.09,6.62,4.98,4.51,5.28,,6.59,2.05,6.61,6.67,0.79,4.68,8.67,-6.63,9.77,0.57,9.8,1.02,0,7.06,5.84,6.24,7.56,12.2,7.02,7.44,6.81,5.13,5.16,5.15,10,1.66,0.77,1.77,1.4,5.84,10,5.46,5,6.82,7.77,6.13,7.6,8,7.57,1,6.34,4.54,4.22,9.68,8.46,9.48,6.97,7.22,6.8
2018,BFA,Burkina Faso,5.85,139,4,2.16,32.66,9.77,1.33,0.85,47.03,9,25,4,42,6.5,6.66,5.19,4.2,4.1,5.08,3.3,5.84,2.14,4.82,5.72,0.88,4.14,8.03,9.87,8.5,3.74,9.63,1.86,0,6.54,7.54,3.69,7.56,12.2,7.02,7.44,7.37,5.43,3.6,4.52,10,1.66,0.77,7.19,3.21,6.27,10,8.03,5,7.68,6.67,4.6,6.87,6,7.94,10,7.01,3.77,4.22,9.11,7.07,8.93,6.97,6.68,7.12
2018,BGD,Bangladesh,6.04,133,4,9.34,8.24,9.71,1.55,6.99,25.52,8,30,8,30,8,6.36,8.08,2.88,3.72,4.88,4.2,4.14,0.94,2.67,4.18,0.76,3.04,9.01,4.96,9.81,0.47,8.89,5.54,0,6.93,5.55,6.68,7.2,14,6.25,9.38,6.33,5.63,0,2.82,10,1.66,0,7.63,3.1,5.56,5,8.65,10,7.88,10,4.69,6.28,10,1.37,10,7.05,3.88,2.89,9.28,1.68,6.45,5.12,4.88,6.61
2018,BGR,Bulgaria,7.74,32,1,5.41,21.61,5.93,15.44,7.48,23.82,10,10,7,35,8.5,7.05,6.87,4.85,4.37,5.8,8.3,5.44,5.08,8.72,4.76,1,5.92,9.31,3.43,9.5,1.26,9.44,2.81,10,9.56,9,1.5,8.96,5.2,6.26,9.36,8.07,5.42,9.85,7.64,10,10,6.92,7.63,8.19,8.47,10,10,10,10,5.57,5.04,7.18,6,9.25,10,7.17,4.52,5.78,9.25,4.75,9.33,5.06,6.45,7.87
2018,BHR,Bahrain,7.16,70,2,4.12,25.99,8.03,7.72,10,10.55,10,0,10,17,10,0.97,6.62,4.67,5.12,6.33,5,5.37,4.79,9.4,8.95,0.52,4.72,9.54,-2.31,7.58,6.04,9.58,2.08,10,9.18,9.48,0.78,8.94,5.3,5.34,11.66,7.92,6.81,6.67,6.74,10,10,6.15,0.77,5.64,7.58,10,2.83,10,7.61,8.33,5.98,8.06,8,7.03,10,7.9,6.06,8,9.71,2.08,9.76,9.75,7.56,7.69
2018,BHS,Bahamas,7.62,39,1,7.31,15.13,9.07,3.91,10,10.46,10,0,10,9,10,,9.1,7.15,5.73,,10,6.7,4.6,3.82,,0.95,6.17,8.99,5.06,8.89,2.76,9.55,2.27,5,8.11,7,4.5,3.5,32.5,1.55,21.13,4.02,6.71,8.11,7.41,10,0,0.77,10,3.59,6.25,10,7.37,10,9.12,8.9,,,8,6.55,10,8.36,,5.78,9.52,,7.98,8.26,7.88,8.46
2018,BIH,Bosnia and Herzegovina,6.9,82,3,5.71,20.59,5.65,16.45,7.71,23.01,10,10,3,47,6.5,6.67,6.45,3.41,3.5,4.91,,5.41,3.79,7.66,4.5,0.93,4.57,8.75,6.27,9.74,0.65,9.72,1.42,5,8.3,9.99,0.02,8.74,6.3,6.7,8.25,8.48,6.19,9.59,7.89,10,1.66,3.08,8.52,4.42,7.69,10,10,10,10,5.57,3.11,7.08,10,7.51,10,7.21,1.84,5.11,7.26,3.89,7.95,5.39,5.24,7.48
2018,BLR,Belarus,6.35,114,3,5.16,22.47,5.5,17.02,10,12.22,10,13,5,36,7.5,1.64,5.96,2.77,4.37,5.37,5,5.05,6.97,9.91,,0.68,4.72,6.9,15.49,8.15,4.63,9.03,4.87,5,7.27,7.83,3.25,8.64,6.8,6.55,8.64,7.67,6.15,9.7,7.93,10,1.66,0.77,1.77,1.4,6.75,2,10,9,7,10,,,10,7.76,1,7.19,,6.44,9.72,2.35,8.34,8.09,6.99,7.06
2018,BLZ,Belize,6.6,101,3,5.78,20.35,8.43,6.26,5.97,29.11,9,25,,,9,,7.29,6.79,4,7.39,,,3.33,7.29,3.33,0.78,4.75,8.93,-5.37,9.43,1.43,9.94,0.3,0,7.07,7.47,3.79,7.62,11.9,4.15,14.64,6.41,4.27,6.09,5.18,10,1.66,0,6.31,2.65,6.06,10,7.82,10,9.27,7.77,4.97,7.99,8,6.55,10,7.55,3.72,4.67,8.1,,8.6,8.35,6.69,7.83
2018,BOL,Bolivia,6.3,116,3,5.67,20.73,8.84,4.77,0,65.89,10,13,10,13,10,5.34,5.97,2.6,2.77,4.04,5,4.71,4.49,6.75,2.72,0.88,3.89,9.55,-2.23,8.33,4.18,9.55,2.27,10,9.36,9.24,1.14,7.64,11.8,6.22,9.44,7.7,4.95,3.05,4,10,4.49,4.62,10,6.37,7.02,8,4.89,10,7.63,1.1,2.05,5.01,8,,3,3.83,1.85,2.22,8.34,6.21,7.08,0,4.29,5.25
2018,BRA,Brazil,6.56,105,3,4.86,23.46,5.16,18.26,10,9.34,8,28,3,50,5.5,8.78,6.86,4.71,3.98,5.62,6.7,4.71,3.33,8.24,3.85,0.95,5.02,8.97,5.15,8.99,2.51,9.27,3.66,10,9.31,8.62,2.07,7.32,13.4,6.14,9.65,7.36,4.04,7.87,5.95,10,1.66,2.31,8.19,4.05,6.84,5,4.9,6,5.3,2.23,2.93,5.48,6,7.13,3,4.46,1.14,6.22,9.42,5.15,5.4,0,4.55,4.77
2018,BRB,Barbados,6.22,122,3,3.17,29.22,5.95,15.38,8.74,19.41,5,40,1,57,3,6.61,5.49,6.45,4.71,6.19,,7.26,3.8,7.58,6.4,0.88,5.7,7.72,11.38,8.89,2.78,9.27,3.67,0,6.47,8.01,2.99,7.86,10.7,5.63,10.91,7.17,6.56,6.16,6.36,10,1.66,0,9.4,3.69,6.8,8,0.86,10,6.29,8.9,2.99,6.37,8,5.68,10,6.99,3.26,6.67,9.41,8.49,5,7.3,6.69,6.65
2018,BRN,Brunei Darussalam,6.6,101,3,0,55.26,,,0,93.3,10,0,10,7,10,,3.33,5.63,5.16,5.53,8.3,8.3,4.17,4.8,6.47,0.79,5.4,9.38,-3.12,5.09,12.28,9.79,1.03,10,8.56,,,9.96,0.2,9.29,1.78,9.62,5.1,2.34,3.72,10,,6.15,4.31,5.23,7.14,,8.26,9,8.63,10,4.91,7.82,10,10,10,8.79,3.89,8.44,9.81,,9.56,9.41,8.22,8.55
2018,BTN,Bhutan,6.63,98,3,3.19,29.15,9.87,0.99,7.24,24.67,9,25,8,26,8.5,4.52,6.66,5.53,6.02,6.05,,6.76,7.37,6.9,2.46,0.93,5.66,9.68,-1.61,9.14,2.15,9.46,2.72,0,7.07,9.71,0.43,5.54,22.3,4.2,14.5,6.49,4.92,9.5,7.21,10,1.66,0,0.33,0.66,6.09,5,9.3,9,7.77,10,2.01,5.63,10,10,10,7.94,2.54,4.44,9.58,9.52,8.47,9.42,7.33,7.68
2018,BWA,Botswana,7.6,43,2,3.73,27.33,8.89,4.59,7.5,23.74,9,25,9,25,9,4.16,6.66,5.91,5.56,6.32,8.3,6.47,3.07,7.81,6.3,0.95,6.07,9.81,0.96,8.24,4.4,9.35,3.24,10,9.35,3.27,10.1,8.46,7.7,5.53,11.17,5.75,5.32,9.4,7.36,10,10,5.38,10,8.46,7.89,8,9.36,10,9.12,10,4.96,5.76,10,3.78,10,7.42,4.15,6.67,8.46,8.45,9.26,8.65,7.61,8.05
2018,CAF,Central African Republic,5.27,153,4,7.68,13.9,9.58,2.04,0,55.86,5,40,,,5,7.48,5.95,4.9,2.84,4.14,,4.81,0.51,4.97,5.71,0.7,3.39,8.11,9.46,8.24,4.4,9.58,2.1,0,6.48,6.29,5.57,6.4,18,6.18,9.54,6.29,3.28,2.28,2.78,10,1.66,1.54,1.44,1.54,5.15,5,9.59,10,8.2,0,,,6,7.01,0,3.25,,0.67,7.84,3.18,7.31,4.59,4.71,5.39
2018,CAN,Canada,8.17,9,1,3.96,26.55,7.03,11.4,9.21,17.76,5,39-50,5,39-50,5,8.28,6.69,7.16,6.75,7.39,10,8.17,5.82,8.68,7.92,1,7.74,9.31,3.45,9.51,1.22,9.55,2.27,10,9.59,9.73,0.41,9.2,4,2,20,6.98,5.94,9.89,7.91,10,10,6.92,5.53,7.48,8.09,10,10,10,10,8.9,6.09,7.24,8,8.27,10,8.08,4.83,8.89,9.95,10,6.85,8.53,8.18,8.75
2018,CHE,Switzerland,8.43,4,1,6.43,18.15,6.06,14.97,10,12.36,8,26-42,6,35-49,7,9.04,7.7,7.7,7.41,7.81,10,7.84,6.25,9.6,9.05,1,8.21,9.68,1.62,9.85,0.37,9.81,0.94,10,9.83,9.91,0.13,8.68,6.6,0,31.02,6.2,6.22,9.91,8.07,10,10,3.08,7.74,6.94,7.8,8,10,10,9.33,10,8.04,7.9,6,10,5,7.82,6.32,8,9.58,10,8.37,9.29,8.59,8.58
2018,CHL,Chile,7.96,14,1,6.36,18.36,8.49,6.03,10,10.81,7,35,7,35,7,9.2,8.21,6.47,5.93,6.95,7.5,7.26,5.37,9.1,7.79,0.91,6.73,9.41,2.96,9.49,1.28,9.51,2.6,10,9.6,9.79,0.31,8.8,6,9.76,0.6,9.45,7.01,6.83,6.92,10,6.99,2.31,9.07,6.12,8.12,8,9.12,10,9.04,5.57,3.44,8.3,10,2.52,0,4.97,4.02,8,9.84,7.87,7.74,6.68,7.36,7.12
2018,CHN,China,6.21,124,4,3.67,27.51,8.29,6.76,3.4,38.09,6,45,6,45,6,2.88,4.85,3.75,4.62,5.07,5,4.98,4.75,8.32,5.98,0.86,4.93,9.42,2.91,9.29,1.77,9.59,2.07,5,8.32,9.35,0.97,8.04,9.8,6.98,7.55,8.12,5.81,8.64,7.22,10,1.66,0,0.55,0.74,6.52,2,9.41,10,7.14,8.9,5.77,6.05,10,2.52,0,5.54,5.63,3.11,9.71,3.78,9.11,8.45,6.63,6.44
2018,CIV,Cote d'Ivoire,6.09,128,4,6.66,17.34,9.4,2.72,4.7,33.57,3,47,1,58,2,8.25,6.2,4.1,4.22,4.92,5,4.9,3.97,6.93,4.03,0.93,4.59,9.94,-0.28,9.42,1.46,9.91,0.44,0,7.32,4.95,7.58,7.56,12.2,7.02,7.44,6.51,5.21,1.83,3.52,10,1.66,0.77,2.43,1.62,5.41,10,8.08,5,7.69,5.57,4.95,7.36,8,7.57,3,6.07,4.04,4.22,9.77,7.86,8.25,7.9,7.01,6.92
2018,CMR,Cameroon,5.85,139,4,7.76,13.61,9.68,1.67,9.33,17.35,4,39,4,43,4,5.95,7.34,2.65,3.5,4.82,5,3.66,2.17,3.97,5.07,0.59,3.07,9.68,1.62,9.6,0.99,9.79,1.07,0,7.27,7.07,4.39,6.36,18.2,6.29,9.28,6.57,5.32,0,2.66,10,1.66,1.54,0.55,1.25,5.12,5,6.5,10,7.17,7.23,4.79,6.63,8,7.01,10,7.28,4.23,3.56,9.27,0.98,8.83,3.01,4.98,6.47
2018,COD,"Congo, Dem. Rep.",5.15,154,4,9.4,8.04,10,0.21,10,2.07,5,40,3,48,4,4.47,7.57,2.68,2.69,3.51,2.5,2.81,0.97,5.96,3.15,0.9,2.89,7.81,10.94,2.18,19.55,4.14,29.3,5,4.78,7.79,3.32,7.82,10.9,7.65,5.89,7.75,5.09,0,2.55,10,,0.77,0.33,0.55,5.21,0,10,7,5.67,1.67,3.94,6.33,8,10,3,5.49,3.2,0,9.59,0.78,8.9,6.12,4.77,5.31
2018,COG,"Congo, Rep.",5.03,156,4,5.5,21.31,10,0.44,9.41,17.07,5,40,3,46,4,4.61,6.7,3.22,3.43,4.61,5,3.83,3.01,4.51,,0.66,3.27,7.22,-13.89,2.63,18.43,9.76,1.2,0,4.9,9.35,0.98,7.62,11.9,7,7.5,7.99,4.03,0,2.01,10,1.66,1.54,1.55,1.58,5.4,0,8.13,4,4.04,1.1,,,4,7.53,10,5.66,,2.22,7.75,3.5,8.23,3.25,4.99,4.9
2018,COL,Colombia,6.71,92,3,6.42,18.16,8,7.85,6.58,26.97,7,33,2,52,4.5,7.71,6.64,4.1,3.9,4.89,4.2,4.35,3.11,9.06,4.33,0.93,4.57,9.5,2.51,9.29,1.78,9.35,3.24,5,8.28,9.13,1.31,8.92,5.4,6.37,9.07,8.14,4.77,3.89,4.33,8.89,4.16,1.54,9.62,5.11,6.62,10,9.73,10,9.91,8.9,3.67,6.67,10,4.82,1,5.84,2.8,6,9.53,4.7,8.75,7.14,6.49,7.41
2018,CPV,Cabo Verde,7.41,56,2,5.17,22.41,9.21,3.4,10,14.35,8,28,4,44,6,6.97,7.47,5.72,5.14,5.73,,6.63,6.06,8.92,5.55,1,6.25,9.44,2.8,9.59,1.03,9.75,1.26,5,8.44,7.55,3.68,8,10,4.84,12.9,6.8,5.11,6.66,5.88,10,4.77,9,10,7.92,7.65,10,8.61,10,9.54,3.9,4.66,6.65,8,5.07,1,4.88,4.53,6,9.58,6.85,9.27,7.98,7.37,7.26
2018,CRI,Costa Rica,7.62,39,1,5.55,21.14,8.75,5.09,9.44,16.96,9,25,4,44,6.5,6.74,7.4,6.33,5.33,6.63,10,5.88,3.52,8.67,6.03,0.88,6.16,9.73,-1.34,9.55,1.12,9.56,2.22,10,9.71,8.65,2.03,8.88,5.6,6.44,8.9,7.99,4.97,7.47,6.22,10,10,4.62,9.29,7.97,8.04,5,6.39,10,7.13,2.23,4.32,5.91,8,5.66,10,6.02,2.78,4.67,9.16,10,8.67,8.31,7.26,6.81
2018,CYP,Cyprus,7.84,22,1,6.29,18.61,6.23,14.32,10,13.05,7,35,7,35,7,7.26,7.36,5.95,5.35,6.54,8.3,7.74,4,7.3,6.4,0.93,6.22,7.74,11.3,9.44,1.4,9.71,1.44,10,9.22,9.13,1.3,8.96,5.2,6.26,9.36,8.12,6.79,9.32,8.05,10,9.4,6.15,7.74,7.77,8.48,10,10,10,10,5.57,4.95,6.29,10,10,1,6.3,4.45,8.89,9.75,8.23,5,8.66,7.5,7.93
2018,CZE,Czech Republic,7.81,25,1,3.06,29.61,5.22,18.03,9.69,16.08,9,22,5,45,7,8.23,6.64,5.69,5.38,6.53,10,7.61,4.28,8.17,6.64,0.95,6.62,6.82,15.91,9.71,0.72,9.57,2.15,10,9.02,9.13,1.3,8.96,5.2,6.26,9.36,8.12,6.55,9.98,8.26,10,10,3.08,7.74,6.94,8.33,10,10,10,10,8.9,4.24,7.82,10,7.76,10,8.12,2.91,8.22,9.2,8,6.91,7.42,7.11,8.41
2018,DEU,Germany,7.85,21,1,3.64,27.63,3,26.2,10,11.24,5,47,5,47,5,9.02,6.13,6.79,6.79,6.94,10,7.81,7.04,6.85,6.83,1,7.38,7.99,10.05,9.9,0.24,9.65,1.73,10,9.39,9.13,1.3,8.96,5.2,6.26,9.36,8.12,6.56,9.18,7.87,10,10,3.08,7.74,6.94,8.23,5,10,10,8.33,8.9,6.1,6.01,8,6.26,10,7.54,5.69,9.33,9.58,10,8.86,7.56,8.5,8.13
2018,DNK,Denmark,8.1,11,1,1.68,34.29,4.92,19.14,9.86,15.49,3,52,2,56,2.5,8.41,5.48,7.57,7.01,7.52,10,8.82,6.57,9.73,8.09,1,8.16,9.11,-4.46,9.78,0.56,9.84,0.81,10,9.68,9.13,1.3,8.96,5.2,6.26,9.36,8.12,6.7,9.98,8.34,10,10,6.92,7.74,8.22,8.67,10,10,10,10,10,7.04,5.59,8,10,3,7.27,4.79,6.44,9.85,10,9.87,8.52,8.25,8.51
2018,DOM,Dominican Republic,7.58,46,2,7.73,13.72,9.6,1.97,10,11.01,9,25,7,33,8,8.55,8.77,3.5,3.93,6.01,5,5.17,3.53,8.26,3.02,1,4.8,9.63,1.87,9.36,1.59,9.29,3.56,10,9.57,8.81,1.78,8.48,7.6,5.93,10.18,7.74,5.48,8.88,7.18,10,7.6,5.38,10,7.66,8.14,5,9.08,10,8.03,5.57,4.42,6.07,8,2.78,10,6.14,3.27,4.67,9.33,2.56,7.55,6.45,5.64,6.6
2018,DZA,Algeria,4.97,157,4,3.22,29.05,7.82,8.51,4.61,33.88,7,35,2,53,4.5,1.06,4.24,3.71,4.11,5.49,4.2,4.69,4.39,6.63,6.35,0.83,4.53,9.6,2.02,7.94,5.14,9.15,4.27,5,7.92,8.48,2.28,6.22,18.9,5.92,10.21,6.87,4.56,0.48,2.52,0,1.66,0,1.11,0.92,2.58,0,5.3,10,5.1,5.57,5.03,6.52,6,7.76,3,5.65,4.22,2.44,9.31,3.91,8.77,7.03,5.95,5.56
2018,ECU,Ecuador,6.46,110,3,5.99,19.63,9.59,2,6.25,28.11,7,35,4,48,5.5,5.47,6.56,3.09,3.51,5.44,2.5,4.94,4.31,8.82,4.64,0.95,4.55,8.39,8.03,9.19,2.02,9.96,-0.22,5,8.14,6.53,5.2,7.54,12.3,4.93,12.67,6.34,3.89,5.24,4.57,10,6.99,3.08,10,6.69,6.9,8,7.71,10,8.57,4.43,2.56,6.22,6,0.65,10,4.98,2.47,3.11,8.1,4.69,8.76,2.56,4.95,6.16
2018,EGY,Egypt,5.38,152,4,9.15,8.9,7.07,11.25,0,56.12,9,23,5,39,7,1.4,4.92,4.46,4.26,5.55,1.7,4.98,3.33,8.2,6.39,0.55,3.76,6.01,19.97,7.11,7.22,7.12,14.4,10,7.56,8.28,2.58,6.18,19.1,0,139.62,4.82,5.75,2.02,3.89,10,4.16,4.62,5.2,4.66,5.84,2,0,9,3.67,10,4.91,7.84,8,0.65,0,5.23,4.03,3.56,9.39,2.13,8.1,5.85,5.51,4.8
2018,ESP,Spain,7.73,33,1,4.64,24.21,4.73,19.84,10,11.01,4,45,4,45,4,7.12,6.1,6.19,5.71,6.49,8.3,7.89,5.29,7.75,8.86,1,7.06,7.95,10.27,9.74,0.66,9.67,1.68,10,9.34,9.13,1.3,8.96,5.2,6.26,9.36,8.12,6.61,9.98,8.29,10,10,3.08,7.74,6.94,8.34,10,7.97,10,9.32,3.9,3.71,6.8,8,5.07,10,6.25,3.14,7.56,9.52,10,8.51,8.4,7.85,7.81
2018,EST,Estonia,7.96,14,1,3.44,28.32,6.11,14.76,7.79,22.74,10,20,4,42,7,7.41,6.35,7.01,6.24,6.97,8.3,7.1,5.98,9.5,8.31,1,7.43,8.31,8.43,9.4,1.51,9.31,3.44,10,9.26,9.13,1.3,8.96,5.2,6.26,9.36,8.12,7.02,9.94,8.48,10,10,5.38,7.74,7.71,8.58,10,9.86,8,9.29,6.67,5.98,8.67,4,9.25,3,6.26,5.2,10,9.83,10,9.24,9.44,8.95,8.17
2018,ETH,Ethiopia,5.61,146,4,7.79,13.53,9.66,1.73,4.29,35,7,35,3,48,5,2.2,5.79,3.25,4.23,4.16,3.3,5.91,5.55,7.04,3.94,0.8,4.21,8.72,6.39,9.07,2.33,7.24,13.8,0,6.26,5.25,7.13,6.52,17.4,5.34,11.66,5.7,4.35,9.81,7.08,6.25,1.66,0,0.22,0.63,4.91,2,8.78,10,6.93,6.67,4.15,3.74,10,7.04,10,6.93,3.74,3.33,9.2,6.86,9.02,8.63,6.8,6.89
2018,FIN,Finland,7.76,29,1,2.93,30.05,3.74,23.46,9.2,17.8,2,48-54,1,54-59,1.5,7.09,4.89,7.68,7.53,7.93,10,8.47,6.29,7.52,9.54,1,8.12,7.87,10.66,9.8,0.51,9.78,1.08,10,9.36,9.13,1.3,8.96,5.2,6.26,9.36,8.12,7.94,9.13,8.54,10,10,3.08,7.74,6.94,8.4,10,9.7,10,9.9,3.9,4.32,2.8,8,10,3,5.34,6.49,8.22,9.56,10,9.86,8.99,8.85,8.03
2018,FJI,Fiji,6.5,108,3,4.97,23.11,9.06,3.95,6.51,27.2,3,49,3,49,3,4.82,5.67,3.74,4.97,4.66,,5.69,4.88,7.71,4.9,0.9,4.96,9.72,1.4,9.14,2.16,9.18,4.08,0,7.01,6.33,5.51,7.78,11.1,0,29.08,4.7,3.83,6.53,5.18,10,1.66,0,10,3.89,5.94,10,9.28,10,9.76,8.9,,,10,8.27,10,9.29,,6.67,8.57,7.57,8.62,7.23,7.73,8.93
2018,FRA,France,7.4,58,2,2.86,30.28,2.37,28.52,10,14.86,4,51,2,60-62,3,6.54,4.95,6.16,6.21,6.81,8.3,7.68,5.64,6.81,7.1,0.95,6.68,7.85,10.73,9.94,0.15,9.63,1.85,10,9.36,9.13,1.3,8.96,5.2,6.26,9.36,8.12,6.01,9.98,8,10,10,5.38,7.74,7.71,8.46,8,8.82,10,8.94,2.23,4.45,6.63,4,8.13,10,5.91,4.28,8,9.86,9.29,7.44,8.44,7.88,7.58
2018,GAB,Gabon,5.86,138,4,5.45,21.48,9.57,2.08,10,8.61,8,40,4,53,6,4.25,7.05,3.46,3.51,5.31,3.3,5.07,2.92,4.86,2.78,0.8,3.5,8.64,-6.78,7.36,6.59,9.04,4.79,0,6.26,7.49,3.77,6.46,17.7,6.11,9.74,6.68,4.22,3.57,3.89,10,1.66,1.54,0.22,1.14,5.43,5,10,10,8.33,7.23,4.35,5.86,8,8.5,10,7.33,3.44,3.33,9.53,7.7,6.43,2.92,5.56,7.07
2018,GBR,United Kingdom,8.08,13,1,5.29,22.02,5.46,17.16,9.76,15.85,6,45,2,64,4,8.56,6.61,6.75,6.72,6.88,10,7.52,6.07,8.02,6.98,1,7.37,8.58,7.11,9.72,0.71,9.54,2.29,10,9.46,9.13,1.3,8.96,5.2,6.26,9.36,8.12,6.62,9.32,7.97,10,10,4.62,9.07,7.9,8.5,8,8.63,10,8.88,8.9,6.64,7.4,8,8.53,10,8.25,5.56,6,9.86,10,9.52,8.72,8.28,8.47
2018,GEO,Georgia,8.18,8,1,7.06,16.01,7.08,11.23,8.4,20.59,10,20,10,20,10,6.76,7.86,4.23,5.13,5.95,,6.12,6.8,9.98,7.07,1,6.47,8.13,9.34,9.59,1.03,9.48,2.62,10,9.3,9.9,0.15,9.7,1.5,8.11,4.73,9.24,6.5,9.58,8.04,10,10,6.92,9.51,8.81,9.02,10,9.19,10,9.73,6.67,5.79,7.08,8,9.25,3,6.63,6.08,8.44,9.95,8.67,9.89,7.58,8.43,8.27
2018,GHA,Ghana,6.65,96,3,8.49,11.13,9.64,1.83,10,11.99,8,35,5,46,6.5,8.38,8.6,5.17,4.61,5.76,5,5.6,3.72,7.37,5.09,0.93,5.11,8.71,6.46,8.45,3.87,8.03,9.84,0,6.3,8.11,2.83,7.62,11.9,7,7.5,7.58,5.63,3.96,4.8,10,0,3.85,2.54,2.13,6.13,8,7.19,10,8.4,10,5.61,6.31,8,0,10,6.65,4.76,5.11,9.45,3.06,8.14,7.47,6.33,7.13
2018,GIN,Guinea,5.57,148,4,6.78,16.94,,,0.62,47.82,8,40,5,48,6.5,4.27,4.54,3.69,3.67,4.7,0.8,3.56,5.39,7.59,5.3,0.7,3.7,8.72,6.41,7.8,5.5,8.03,9.83,5,7.39,,,7.58,12.1,7.05,7.38,7.31,4.08,1.91,3,10,0,0.83,2.32,1.05,5.34,,10,10,10,5.57,4.53,6.32,6,8.13,0,5.09,4.42,2.67,9.15,2.9,8.44,5.52,5.52,6.87
2018,GMB,Gambia,7.14,72,2,8.23,12.03,9.58,2.04,0,53.14,9,25,9,25,9,7.57,6.87,5.35,4.84,5.52,3.3,6.05,3.76,6.06,6.53,0.95,5.05,9.72,1.41,9.4,1.5,8.7,6.52,10,9.45,5.24,7.14,7.56,12.2,7.02,7.44,6.61,5.46,4.8,5.13,7.85,10,7.69,10,9.23,7.21,10,2.51,8,6.84,10,5.17,6.86,10,5.51,10,7.92,5.45,3.56,9.22,6.71,8.09,6.35,6.56,7.11
2018,GNB,Guinea-Bissau,5.46,150,4,8.8,10.07,9.84,1.1,0,81.51,9,25,4,45,6.5,5.16,6.06,3,3.25,2.88,3.3,4.67,3.3,7.32,0,0.75,3.03,8.73,6.35,8.63,3.43,9.72,1.4,0,6.77,6.42,5.37,7.56,12.2,7.02,7.44,7,5.12,4.33,4.73,10,1.66,0.77,1.55,1.33,5.76,10,7.34,5,7.45,3.33,,,8,2.52,0,3.46,,2.89,8.78,3.16,8.54,7.56,6.19,5.7
2018,GRC,Greece,6.71,92,3,5.3,21.97,4.26,21.57,8.24,21.16,2,55,0,68,1,5.95,4.95,4.93,4.11,5.16,8.3,7.03,3.07,7.93,5.12,1,5.71,7.32,13.42,9.52,1.19,9.87,0.63,5,7.93,9.13,1.3,8.96,5.2,6.26,9.36,8.12,6.24,9.44,7.84,10,7.49,0.77,7.74,5.34,7.82,10,10,9,9.67,5.57,4.6,5.58,6,5.51,3,5.04,2.62,6.67,9.86,5.75,7.98,7.84,6.79,7.17
2018,GTM,Guatemala,7.7,35,1,8.84,9.94,9.87,0.97,10,9.63,10,7,10,21,10,8.81,9.51,4.08,3.31,5.35,6.7,4.72,3.39,8.36,3.32,0.93,4.73,8.87,5.64,9.85,0.38,9.25,3.75,10,9.49,9.29,1.06,8.88,5.6,7.51,6.22,8.56,5.46,6.62,6.04,10,10,6.92,8.74,8.55,8.29,10,8.88,10,9.63,3.33,4.71,6.9,4,1.27,3,3.87,3.37,5.56,9.34,2.99,7.22,7.22,5.95,6.48
2018,GUY,Guyana,6.68,95,3,4.69,24.04,,,9.04,18.36,5,40,5,40,5,5.68,6.1,4.87,4.8,5,6.7,4.05,4.45,7.62,5.8,0.93,5.22,9.85,0.74,8.74,3.16,9.74,1.28,5,8.33,,,7.82,10.9,4.99,12.54,6.4,8.03,1.45,4.74,10,7.17,5.38,4.54,5.7,6.71,10,0,9,6.33,8.9,7.99,8.75,4,7.41,10,7.84,7.13,4.44,9.32,6.04,7.52,7.13,6.93,7.04
2018,HKG,Hong Kong,8.94,1,1,8.05,12.64,9.42,2.62,7.97,22.09,10,17,10,17,10,6.94,8.48,7.17,7.4,7.59,8.3,7.43,6.13,6.95,8.93,1,7.49,9.95,-0.23,9.7,0.76,9.52,2.41,10,9.79,9.99,0.01,10,0,10,0,10,8.32,9.67,8.99,10,10,6.92,10,8.97,9.49,10,10,10,10,10,8.06,8.63,10,9.5,10,9.37,7.31,9.78,9.95,7.81,9.79,9.61,9.04,9.47
2018,HND,Honduras,7.28,63,2,7.44,14.71,10,0.45,9.33,17.35,9,27,9,27,9,9.13,8.98,3.51,3.61,5.1,4.2,4.39,2.64,7.59,3.51,0.95,4.22,9.16,4.21,9.3,1.75,9.13,4.35,10,9.4,9.46,0.81,8.86,5.7,7.06,7.35,8.46,5.19,4.1,4.64,10,1.66,2.31,8.63,4.2,6.83,10,9.63,9,9.54,0,4.56,5.74,8,2.52,10,5.14,2.97,4.22,8.36,5.4,8.75,7.72,6.24,6.97
2018,HRV,Croatia,7.36,61,2,4.4,25.05,5.7,16.3,9.31,17.42,5,40-47,1,58-63,3,6.53,5.79,4.55,4.03,5.74,8.3,6.75,4.64,8.39,5.44,1,5.98,8.1,9.48,9.67,0.83,9.7,1.5,10,9.37,9.13,1.3,8.96,5.2,6.26,9.36,8.12,6.72,9.98,8.35,10,6.99,4.62,7.63,6.41,8.22,8,10,10,9.33,5.57,2.64,6.72,6,7.51,10,6.41,1.58,6.89,9.29,5.81,8.52,7.69,6.63,7.46
2018,HTI,Haiti,6.58,104,3,8.56,10.89,9.92,0.81,6.25,28.13,8,30,,,8,9.46,8.44,2.69,3.06,3.49,0,3.29,3.88,2.76,2.39,0.9,2.57,7.33,13.36,8.3,4.26,7.5,12.48,5,7.03,,,8.24,8.8,5.78,10.56,7.01,3.71,7.27,5.49,10,10,6.15,10,8.72,7.8,8,7.48,10,8.49,6.67,4.65,6.94,10,10,10,8.04,2.32,0.22,4.97,3.14,9.3,7.94,4.65,7.06
2018,HUN,Hungary,7.44,53,2,3.29,28.8,5.71,16.24,7.66,23.2,10,15,4,42,7,5.05,5.74,4.53,4.9,5.77,10,6.43,4.62,8.03,5.91,1,6.27,9.1,-4.49,9.41,1.48,9.43,2.85,10,9.48,9.13,1.3,8.96,5.2,6.26,9.36,8.12,5.71,9.97,7.84,10,10,3.85,7.74,7.2,8.29,8,9.14,9,8.71,7.23,5.02,6.24,4,7.76,10,6.71,3.3,7.11,9.61,6.38,7.78,6.9,6.85,7.42
2018,IDN,Indonesia,7.39,59,2,7.76,13.62,9.55,2.16,10,11.8,9,30,9,35,9,7.14,8.69,5.1,4.63,6.2,4.2,5.54,4.33,6.69,5.62,0.93,5.11,9.88,-0.62,9.58,1.06,9.36,3.2,10,9.7,9.52,0.72,8.38,8.1,5.76,10.61,7.89,5.53,4.38,4.96,10,4.16,1.54,8.3,4.67,6.88,5,9.61,10,8.2,1.1,5.83,6.34,10,0,5,4.71,5.08,4.22,9.54,6.21,7.65,7.86,6.76,6.56
2018,IND,India,6.56,105,3,7.09,15.9,8.44,6.22,7.15,24.98,6,36,6,36,6,7.1,7.16,5.5,5.04,5.85,6.7,6.5,4.43,6.34,5.34,0.78,5.07,9.82,0.89,9.51,1.22,9.03,4.86,5,8.34,7.65,3.52,6.58,17.1,2.68,18.3,5.64,5.76,7.35,6.55,10,1.66,0,0.33,0.66,5.71,2,7.65,10,6.55,6.67,5.26,6.28,4,6.3,10,6.42,5.18,3.56,9.37,5.24,9.18,7.18,6.62,6.53
2018,IRL,Ireland,8.13,10,1,3.61,27.72,7.24,10.63,10,8.6,5,40,2,51,3.5,8.27,6.52,7.01,6.32,7.24,10,8.82,4.72,7.27,7.81,1,7.4,8.69,6.56,9.18,2.05,9.9,0.49,10,9.44,9.13,1.3,8.96,5.2,6.26,9.36,8.12,6.73,9.09,7.91,10,10,7.69,8.85,8.85,8.72,8,10,10,9.33,8.9,5.14,7.15,10,6.37,10,7.93,4.9,8.44,9.65,10,8.24,9.09,8.39,8.55
2018,IRN,Iran,4.8,158,4,5.21,22.3,7.99,7.88,5.14,32.02,8,35,8,35,8,3.02,5.87,3.05,3.26,4.99,6.7,5.77,4.62,8.17,5.13,0.61,4.21,5.95,20.24,4.84,12.91,3.9,30.5,10,6.17,7.52,3.72,4.68,26.6,0,28.2,4.07,4.94,4.39,4.66,0,0,0.83,0.44,0.43,2.29,0,9.22,10,6.41,7.77,3.88,5.31,8,2.52,1,4.74,2.4,0,7.67,4.86,8.79,7.58,5.21,5.45
2018,IRQ,Iraq,5.61,146,4,3.87,26.85,8.3,6.74,0.01,49.95,10,15,8,28,9,3.93,5.02,3.88,3.15,5.71,0,3.81,4.84,6.64,,0.66,3.32,8.73,-6.34,2.69,18.27,9.93,0.37,10,7.84,9.73,0.4,,,,,9.73,6.37,0.46,3.42,8.9,,2.31,0,1.15,5.8,,4.52,9,6.76,2.23,,,6,6.55,10,6.19,,0,8.74,2.86,8.2,6.5,5.26,6.07
2018,ISL,Iceland,7.71,34,1,2.44,31.71,7.95,8.02,10,12.33,3,46,2,54,2.5,6.97,5.97,7.01,7.01,7.49,10,8.61,6.78,8.75,9.02,1,8.08,8.82,5.89,9.18,2.05,9.46,2.68,10,9.37,9.89,0.16,9.14,4.3,1.68,20.81,6.9,5.47,8.78,7.12,10,6.99,1.54,7.74,5.43,7.36,2,9.68,10,7.23,5.57,7.15,4.7,8,10,10,7.57,5,8.22,9.59,9.8,9.55,8.43,8.43,7.74
2018,ISR,Israel,7.62,39,1,3.06,29.6,6.51,13.29,10,12.3,5,50,5,50,5,8.26,6.57,5.52,6.06,6.85,4.2,7.71,4.61,6.93,6.82,0.93,5.87,9.8,-1.02,9.62,0.95,9.84,0.81,10,9.81,9.76,0.36,9.22,3.9,6.65,8.39,8.54,5.79,7.4,6.59,10,10,6.15,9.85,8.67,8.45,10,8.57,10,9.52,8.9,5.8,6.97,8,2.52,0,5.36,4.22,8.22,9.62,6.77,7.65,7.38,7.31,7.4
2018,ITA,Italy,7.51,51,2,4.71,23.97,3.57,24.08,10,12,3,47-49,0,61-62,1.5,7.89,5.54,5.25,4.4,6.24,10,6.7,3.54,8.25,6.41,1,6.35,7.68,11.6,9.93,0.16,9.77,1.14,10,9.35,9.13,1.3,8.96,5.2,6.26,9.36,8.12,6.02,9.98,8,10,10,6.92,7.74,8.22,8.59,10,8.81,10,9.6,5.57,3.33,3.82,8,10,10,6.79,1.76,7.11,9.5,7.59,7.82,7.33,6.85,7.75
2018,JAM,Jamaica,7.69,36,1,7.35,15.01,8.38,6.45,10,12.39,9,30,8,40,8.5,8.03,8.45,5.71,4.87,5.98,8.3,5.4,3.27,8.72,4.25,0.95,5.67,7.84,10.81,9.48,1.29,9.25,3.74,10,9.14,7.43,3.86,8.3,8.5,5.51,11.22,7.08,6.13,5.7,5.91,10,4.16,1.54,10,5.23,7.06,10,9.67,9,9.56,8.9,4.72,6.97,10,6.55,10,7.86,3.72,6,9.86,7.01,8.63,7,7.03,8.15
2018,JOR,Jordan,7.62,39,1,7.25,15.35,8.22,7.02,9.46,16.89,10,20,5,37,7.5,6.9,7.87,5.11,5.33,6.31,6.7,6.13,3.73,6.72,7.98,0.55,4.66,9.63,-1.85,9.64,0.91,9.11,4.46,10,9.59,9.23,1.15,7.98,10.1,3.94,15.15,7.05,5.82,6.73,6.27,10,10,6.15,10,8.72,8.01,10,6.16,10,8.72,7.77,5.48,7.19,6,10,10,7.74,4.64,4.89,9.35,6.76,9.82,8.92,7.4,7.95
2018,JPN,Japan,7.88,20,1,4.06,26.21,4.16,21.92,8.38,20.68,3,56,3,56,3,9.67,5.85,7.16,6.76,7.7,8.3,7.93,5.54,8.01,8.72,0.95,7.34,8.66,6.72,9.58,1.04,9.8,0.98,10,9.51,9.64,0.54,9.12,4.4,2.84,17.91,7.2,6.26,8.73,7.49,10,10,8.46,7.08,8.51,8.3,8,8.08,10,8.69,8.9,4.17,7.92,8,10,10,8.17,5.01,8.89,9.56,8.92,9.15,8.56,8.35,8.4
2018,KAZ,Kazakhstan,7.12,73,2,7.53,14.41,8.19,7.15,9.37,17.19,10,10,8,29,9,4.25,7.67,3.51,4.16,5.74,8.3,5.39,5.04,9.91,5.24,0.69,5,8.12,9.42,8.26,4.35,8.8,6,10,8.79,6.71,4.94,8.72,6.4,7.16,7.1,7.53,5.8,4.89,5.34,10,1.66,2.31,1.66,1.87,6.19,8,10,10,9.33,10,5.27,7.85,10,9.25,3,7.56,4.94,6.44,9.84,3.52,9.24,7.92,6.98,7.96
2018,KEN,Kenya,6.84,86,3,7.75,13.64,8.85,4.72,0.47,48.34,8,30,8,30,8,6.82,6.38,3.94,4.28,5.1,5.8,5.15,4.42,7.24,4.86,0.98,5.04,9.04,4.81,8.99,2.53,9.06,4.69,10,9.27,7.53,3.7,7.3,13.5,4.82,12.96,6.55,5.17,5.49,5.33,10,6.99,3.85,3.76,4.87,6.69,10,0,10,6.67,6.67,5.16,6.64,8,6.3,10,7.13,4.78,4.67,9.03,5.16,8.32,7.99,6.66,6.82
2018,KGZ,Kyrgyzistan,6.99,78,2,6.86,16.67,7.21,10.75,,,10,10,7,32,8.5,5.93,7.12,3.8,3.59,4.72,,5.75,4.52,9.87,3.75,0.69,4.35,8.31,8.44,8.95,2.62,9.69,1.54,10,9.24,7.83,3.25,8.7,6.5,7.66,5.85,8.06,5.1,6.05,5.58,10,5.34,1.54,8.74,5.2,7.21,8,9.9,8,8.63,5,4.34,7.39,10,7.76,1,5.91,3.92,4,9.67,5.68,8.19,7.53,6.5,7.01
2018,KHM,Cambodia,7.28,63,2,9.85,6.52,9.67,1.7,4.62,33.84,10,20,10,20,10,7.96,8.42,2.51,3.27,4.52,,3.55,1.82,7.55,3.73,1,3.85,8.71,6.47,9.61,0.98,9.51,2.46,10,9.46,8.74,1.89,7.78,11.1,6.45,8.88,7.66,5.66,4,4.83,10,10,5.38,10,8.46,7.74,,9.99,9,9.5,6.67,5.07,5.72,10,6.3,5,6.46,4.27,4.67,6.04,1.37,4.99,8.06,4.9,6.95
2018,KOR,South Korea,7.69,36,1,4.46,24.85,7.07,11.26,9.95,15.18,5,46,5,50,5,7.57,6.81,5.06,5.86,6.61,6.7,7.78,6.88,8.22,7.24,0.93,6.55,9.14,4.31,9.62,0.96,9.7,1.48,10,9.61,9.59,0.62,7.26,13.7,0,56.58,5.62,5.63,9.58,7.6,10,10,6.15,10,8.72,7.98,8,10,10,9.33,5.57,4.24,6.31,10,2.52,0,4.77,3.76,9.78,9.59,9.01,9.99,8.05,8.36,7.49
2018,KWT,Kuwait,6.6,101,3,0.99,36.64,6.9,11.89,6.46,27.4,10,0,10,20,10,4.09,5.69,5.32,5.36,5.69,8.3,6.61,5.07,9.51,6.6,0.5,4.92,9.45,2.75,3.29,16.78,9.89,0.54,10,8.16,9.38,0.93,9.08,4.6,7.92,5.2,8.79,5.21,4.1,4.65,10,6.99,3.85,6.2,5.68,7.28,10,10,7,9,10,5.41,6.35,4,4.39,3,5.52,4.83,1.56,9.36,4.41,9.23,8.9,6.38,6.97
2018,LAO,Laos,6.62,99,3,6.71,17.2,9.89,0.89,6.55,27.09,10,24,10,24,10,2.38,7.11,4.49,3.89,4.5,,3.47,3.08,8.45,5.37,1,4.75,6.1,19.49,9.37,1.57,9.59,2.04,5,7.52,9.02,1.47,8.3,8.5,7.35,6.63,8.22,5.52,7.45,6.49,10,1.66,1.54,10,4.4,7.28,,8.25,10,9.13,5.57,4.46,6.61,10,1.02,1,4.78,4.38,3.11,6.62,2.92,9.41,5.94,5.4,6.43
2018,LBN,Lebanon,6.88,83,3,7.61,14.14,8.02,7.75,10,9.76,10,20,9,26,9.5,6.3,8.29,3.62,3.72,5.29,3.3,5.78,3.16,7.33,4.64,0.69,3.89,8.25,8.74,8.91,2.72,8.78,6.08,10,8.99,9.1,1.35,8.86,5.7,5.55,11.12,7.84,4.89,3.12,4,10,4.49,1.54,9.29,5.11,6.74,10,0,10,6.67,5.57,4.85,6.4,8,10,10,7.47,3.55,0.89,8.94,3.96,6.4,7.97,5.29,6.47
2018,LBR,Liberia,6.28,118,3,8.62,10.69,8.64,5.47,0,51.74,9,25,8,30,8.5,6.53,6.46,4.75,3.58,4.47,5,4.5,2.87,4.8,4.38,1,4.29,8.28,8.62,8.77,3.08,5.29,23.56,10,8.08,6.43,5.35,8.06,9.7,7.56,6.11,7.35,4.67,0,2.33,10,7.17,8.46,1.77,5.8,6.37,8,0,9,5.67,6.67,4.55,5.91,8,3.09,10,6.37,4.62,3.33,9.36,4.29,9.46,8.44,6.58,6.21
2018,LBY,Libya,4.72,160,4,0,58.7,,,,,10,14,9,25,9.5,4.64,4.71,3.57,2.64,4.1,5,5.46,3.62,,4.66,0.82,3.77,7.24,13.81,3.29,16.77,8.14,9.3,10,7.17,,,,,,,,5.75,4.26,5.01,0,1.66,0.77,0.33,0.92,1.98,,10,7,8.5,7.23,4.35,6.7,8,4.39,10,6.78,4.27,0,8.52,0.52,,0.03,2.67,5.98
2018,LKA,Sri Lanka,6.88,83,3,8.41,11.42,9.31,3.03,9.08,18.23,10,24,9,26,9.5,7.53,8.76,5.12,4.91,5.43,5,6.13,3.61,7.59,4.93,0.9,5.09,8.84,5.82,8.9,2.75,9.58,2.13,5,8.08,7.02,4.47,8.14,9.3,1.96,20.09,5.71,4.81,6.23,5.52,10,1.66,0,0,0.55,5.44,5,7.91,10,7.64,10,4.67,6.29,8,0,10,6.49,3.38,5.78,9.65,4.7,9.52,8.55,6.93,7.02
2018,LSO,Lesotho,6.65,96,3,2.4,31.84,9.15,3.63,3.35,38.26,8,30,8,30,8,8.03,6.19,4.81,4.31,5.02,,5.64,3.93,6.49,6.38,0.88,4.92,9.62,1.91,8.2,4.51,9.2,4.01,5,8,7.14,4.29,8.46,7.7,5.6,11.01,7.07,3.35,9.81,6.58,10,1.66,1.54,5.09,2.76,6.6,10,10,9,9.67,6.67,4.28,4.37,8,6.55,10,6.64,4.45,4.67,9.46,5.02,7.91,6.33,6.31,7.54
2018,LTU,Lithuania,8.1,11,1,5.57,21.07,6.11,14.76,9.77,15.82,10,15,4,42,7,9.27,7.54,6.27,5.39,6.39,8.3,6.77,6.24,9.67,6.96,1,7,8.23,8.86,9.32,1.69,9.46,2.69,10,9.25,9.13,1.3,8.96,5.2,6.26,9.36,8.12,6.16,9.78,7.97,10,8.8,6.92,7.74,7.82,8.48,10,10,9,9.67,7.23,4.97,8.31,8,8.5,3,6.67,3.8,9.78,9.77,7.99,9.71,8.94,8.33,8.22
2018,LUX,Luxembourg,7.75,31,1,1.21,35.89,4.38,21.13,7.69,23.08,6,45,6,45,6,8.47,5.55,7,6.82,7.59,10,8.55,7.46,6.18,8.59,1,7.77,8.13,9.35,9.39,1.52,9.69,1.53,10,9.3,9.13,1.3,8.96,5.2,6.26,9.36,8.12,7.44,9.98,8.71,10,,3.85,7.74,5.79,8.15,8,10,9,9,2.23,5.67,6.78,6,8.5,10,6.53,5.89,7.11,9.4,10,8.39,9.38,8.36,7.96
2018,LVA,Latvia,7.89,19,1,4.94,23.19,6.33,13.96,7.39,24.13,7,31,2,51,4.5,9.59,6.55,6.07,5.27,6.34,8.3,7.74,5.53,9.03,6.2,1,6.81,8.27,8.64,9.33,1.68,9.49,2.53,10,9.27,9.13,1.3,8.96,5.2,6.26,9.36,8.12,6.76,9.42,8.09,10,10,6.92,7.74,8.22,8.61,10,9.72,7,8.91,5,5.06,8.03,10,7.76,10,7.64,4.25,9.11,9.81,9.11,7.79,8.11,8.03,8.19
2018,MAR,Morocco,6.7,94,3,4.52,24.64,7.29,10.43,8.81,19.17,5,38,3,46,4,7.24,6.37,5.02,5,6.78,6.7,6.22,4.88,7.52,8.08,0.79,5.6,9.5,2.49,9.75,0.64,9.62,1.91,0,7.22,9.31,1.04,7.72,11.4,3.48,16.3,6.84,6.74,8.08,7.41,10,1.66,0.77,7.41,3.28,6.88,8,8.65,10,8.88,1.1,4.72,7.26,8,5.29,10,6.06,5.23,5.78,9.67,5.2,9.97,8.26,7.35,7.43
2018,MDA,Moldova,6.99,78,2,7.43,14.74,6.66,12.77,10,14.38,10,18,4,42,7,5.35,7.29,3.86,3.75,5.41,6.7,6.45,4.32,9.57,4.42,0.69,4.7,9.28,3.6,9.17,2.07,9.39,3.05,5,8.21,9.31,1.03,8.94,5.3,7.73,5.67,8.66,6.12,8.79,7.46,10,1.66,0.77,6.53,2.98,7.28,10,9.39,10,9.8,5.57,4.72,7.58,6,6.79,3,5.61,4.02,7.11,9.83,6.51,6.38,7.95,6.97,7.46
2018,MDG,Madagascar,6.2,125,4,6.84,16.76,9.44,2.55,6.03,28.88,10,20,7,34,8.5,6.76,7.51,3.48,3.49,4.7,1.7,4.57,2.96,5.15,2.5,0.64,2.92,7.73,11.33,9.6,0.99,8.28,8.6,5,7.65,8.23,2.66,7.68,11.6,7.26,6.84,7.72,4.83,5.09,4.96,10,1.66,0.77,10,4.14,6.71,10,9.43,5,8.14,0,4.49,7.22,8,7.12,1,4.64,3.13,3.56,9.43,3.07,7.69,7.95,5.8,6.19
2018,MEX,Mexico,7.21,68,2,7.28,15.26,8.75,5.07,10,13.92,8,35,8,35,8,7.89,8.38,4.19,3.79,5.89,5,4.13,5.07,7.33,2.47,1,4.73,8.93,5.33,9.56,1.09,9.02,4.9,5,8.13,9.76,0.36,8.6,7,5.86,10.36,8.07,6.11,8.46,7.29,10,6.99,1.54,7.3,5.28,7.66,8,9.08,10,9.03,6.67,4.05,7,8,4.82,3,5.59,3.11,5.78,9.57,5.5,9.56,7.3,6.8,7.14
2018,MKD,Macedonia,7.15,71,2,6.13,19.16,5.48,17.08,8.12,21.57,10,10,7,34,8.5,7.76,7.2,2.9,3.64,5.31,,5.42,3.95,8.38,3.91,0.9,4.56,8.56,7.18,9.28,1.8,9.71,1.46,5,8.14,9.59,0.61,8.66,6.7,6.54,8.64,8.27,4.95,9.61,7.28,10,4.49,3.08,8.52,5.36,7.73,10,9.47,10,9.82,7.23,4.33,5.74,8,7.38,10,7.11,3.31,8.89,9.49,4.8,9.43,8.67,7.43,8.12
2018,MLI,Mali,5.93,136,4,6.36,18.38,9.89,0.9,3.57,37.5,5,40,1,57,3,5.71,5.71,4,3.68,4.19,4.2,5.1,2.63,5.8,3.96,0.68,3.53,9.92,0.42,9.78,0.55,9.66,1.7,0,7.34,8.23,2.65,7.58,12.1,7.05,7.38,7.62,4.56,5.3,4.93,10,1.66,0.77,10,4.14,6.67,10,8.11,5,7.7,5.57,4.89,5.45,8,7.57,0,5.25,4.01,3.33,9.05,5.13,8.88,6.91,6.22,6.39
2018,MLT,Malta,7.94,16,1,3.79,27.11,7.16,10.94,10,10.43,7,35,7,35,7,6.77,6.94,5.45,5.49,6.51,10,6.95,5.35,5.24,5.29,0.95,6.14,8.41,7.96,9.87,0.32,9.77,1.16,10,9.51,9.13,1.3,8.96,5.2,6.26,9.36,8.12,7.05,8.92,7.98,10,10,7.69,7.74,8.48,8.64,10,10,10,10,7.23,5.16,7.32,8,10,10,7.95,4.79,6.67,9.27,7.52,8,8.44,7.45,8.47
2018,MMR,Myanmar,5.81,142,4,5.44,21.49,9.9,0.88,8.67,19.64,9,25,9,25,9,4.48,7.5,3.49,3.8,3.7,2.5,5.39,1.87,7.36,3.1,0.9,3.72,9.1,4.5,9.21,1.96,8.63,6.87,0,6.73,9.25,1.13,8.7,6.5,7.35,6.63,8.43,,0.89,0.89,10,0,0.77,0,0.26,4.89,0,8.04,10,6.01,8.9,,,8,4.01,0,5.23,,6,9.64,5.07,9.48,6.84,7.41,6.22
2018,MNE,Montenegro,6.94,80,2,5.84,20.13,,,2.78,40.29,10,9,5,39,7.5,6.76,5.72,5.41,4.89,6.14,,6.15,4.8,7.68,5.89,0.79,5.22,9.32,3.41,9.26,1.85,9.48,2.61,5,8.26,7.8,3.3,9.26,3.7,7.94,5.14,8.33,5.73,9.29,7.51,10,,6.92,8.08,7.5,8.34,10,0,10,6.67,6.67,5.12,6.47,10,7.76,10,7.67,5,7.11,9.6,4.88,9.25,6.64,7.08,7.14
2018,MNG,Mongolia,7.43,54,2,6.25,18.74,7.59,9.34,7.4,24.11,10,10,8,28,9,6.92,7.43,4.62,4.23,5.05,8.3,6.31,6.25,9.11,5.05,0.95,5.97,8.57,7.13,8.46,3.84,8.64,6.81,10,8.92,8.79,1.81,8.96,5.2,9,2.5,8.92,4.99,2.59,3.79,10,8.34,6.15,2.54,5.68,7.1,,8.9,10,9.45,8.9,4.65,7.79,6,9.25,3,6.6,3.01,6.44,9.6,6.25,8.68,8.5,7.08,7.71
2018,MOZ,Mozambique,5.94,134,4,4.36,25.19,9.53,2.22,2.43,41.48,7,32,5,38,6,5.1,5.48,3.81,3.42,4.11,6.7,5.49,1.76,7.54,2.89,0.95,4.36,7.68,11.58,7.97,5.08,9.22,3.9,5,7.47,9.12,1.32,7.94,10.3,7.03,7.42,8.03,4.08,7.4,5.74,10,1.66,0,0.89,0.85,6.15,10,10,9,9.67,3.33,3.63,5.44,6,0,0,3.07,3.3,2.67,8.33,4.75,8.98,7.76,5.97,6.23
2018,MRT,Mauritania,6.22,122,3,4.03,26.31,,,8.73,19.44,5,40,5,40,5,6.89,6.16,2.84,3.01,3.76,,4.68,6.27,7.59,6.23,0.61,3.96,9.64,1.81,8.07,4.82,9.39,3.07,5,8.02,,,7.58,12.1,7.19,7.02,7.39,3.3,5.57,4.43,10,1.66,3.33,1,2,5.95,10,8.52,9,9.17,5.57,3.45,6.02,8,7.94,5,6,2.54,2.67,9.64,3.59,9.21,6.97,5.77,6.98
2018,MUS,Mauritius,8.21,7,1,6.82,16.8,8.39,6.4,7.25,24.61,10,15,10,15,10,8.26,8.15,5.95,5.47,6.74,,6.77,5.25,9.48,6.14,0.98,6.46,8.9,5.5,9.82,0.45,9.36,3.22,10,9.52,9.81,0.29,9.84,0.8,8.58,3.55,9.41,6.5,8.54,7.52,10,6.99,4.62,10,7.2,8.53,8,8.86,10,8.95,6.67,5.98,6.24,10,8.5,10,7.9,5.02,8.44,9.85,8.36,9.36,8.43,8.25,8.36
2018,MWI,Malawi,5.79,143,4,7.48,14.58,9.81,1.21,0,51.15,7,35,4,45,5.5,6.72,5.9,4.6,4.28,4.89,8.3,6.43,2.33,8.55,4.32,0.95,5.33,7.14,14.31,7.8,5.51,7.52,12.42,5,6.86,8.45,2.32,7.52,12.4,5.83,10.42,7.27,5.83,5.02,5.42,2.36,1.66,1.54,7.08,3.43,4.62,10,0,6,5.33,4.43,4.48,6.89,10,5.68,10,6.91,4.4,3.11,8.47,6.31,8.41,8.11,6.47,6.24
2018,MYS,Malaysia,7.58,46,2,6.7,17.23,8.56,5.78,5.76,29.86,9,28,9,28,9,2.73,6.55,5.41,6.19,7.01,8.3,6.35,5.73,8.63,7.38,0.6,5.48,9.66,-1.7,9.35,1.61,9.82,0.88,10,9.71,9.84,0.24,8.88,5.6,4.71,13.22,7.81,6.89,8.54,7.72,10,4.16,0.77,10,4.98,7.63,10,8.59,10,9.53,10,6.67,7.33,10,4.24,10,8.04,6.67,9.78,9.32,4.49,10,8.05,8.05,8.54
2018,NAM,Namibia,6.52,107,3,4.38,25.1,8.65,5.47,3.21,38.77,6,37,6,37,6,5.57,5.56,5.86,5.53,6.09,10,7.62,4.82,4.63,5.43,0.98,6.18,9.14,4.31,8.62,3.44,9.14,4.29,0,6.73,2.79,10.81,8.46,7.7,5.44,11.4,5.56,5.41,5.27,5.34,10,1.66,0.77,5.75,2.73,5.91,10,8.65,10,9.55,10,4.63,6.15,10,8.27,10,8.17,4.8,4.22,8.18,9.36,8.31,6.61,6.91,8.21
2018,NER,Niger,5.85,139,4,6.45,18.06,9.84,1.09,4.51,34.21,7,35,3,46,5,5.82,6.32,4.85,4.33,4.7,3.3,4.74,4.4,7.32,4.47,0.63,3.87,8.85,-5.73,9.49,1.28,9.41,2.97,0,6.94,3.82,9.27,7.56,12.2,7.02,7.44,6.13,6.42,4.38,5.4,10,1.66,0.77,2.1,1.51,5.76,10,6.4,5,7.13,1.67,,,8,7.38,0,4.26,,4.89,9.56,7.33,9.26,6.97,7.6,6.33
2018,NGA,Nigeria,6.93,81,2,9.76,6.82,9.87,0.99,8.27,21.07,9,24,5,38,7,6.03,8.18,4.09,3.61,4.69,3.3,4.6,5.09,4.55,3.05,0.74,3.58,9.76,1.2,8.53,3.68,7.58,12.09,10,8.97,,,7.58,12.1,6.9,7.74,7.24,6.31,0.57,3.44,10,3.01,5.38,1.99,3.46,6.03,10,6.97,10,8.99,10,6.06,7.72,10,10,10,8.96,2.85,1.78,9.49,4.62,9.2,6.15,5.68,7.88
2018,NIC,Nicaragua,7.05,74,2,6.52,17.84,10,0.38,5.88,29.42,8,30,4,45,6,4.68,6.62,2.03,2.92,4.33,4.2,4.26,5.14,6.97,5.09,0.95,4.26,9.63,1.83,9.02,2.45,9.01,4.95,10,9.42,9.65,0.53,8.86,5.7,7.04,7.41,8.51,5.06,6.07,5.57,10,10,5.38,10,8.46,8.14,10,9.18,9,9.39,6.67,4.98,5.53,2,6.26,10,5.91,3.32,3.56,8.86,0.2,7.24,7.75,5.15,6.82
2018,NLD,Netherlands,7.82,24,1,1.34,35.46,3.9,22.88,9.65,16.21,3,52,3,52,3,8.25,5.23,7.27,7.21,7.58,10,8.63,6.57,7.95,8.32,1,7.94,7.89,10.54,9.68,0.79,9.66,1.7,10,9.31,9.13,1.3,8.96,5.2,6.26,9.36,8.12,7.15,9.98,8.56,10,7.17,8.46,7.74,7.79,8.62,5,10,9,8,6.67,6.4,5.18,10,7.53,10,7.63,5.66,9.56,9.85,8.02,8.29,8.67,8.34,7.99
2018,NOR,Norway,7.6,43,2,1.46,35.03,4.95,19.05,7.82,22.61,5,38,2,53,3.5,8.14,5.18,7.52,6.96,7.46,10,8.8,7.3,9.12,7.98,1,8.14,8.47,-7.67,8.64,3.4,9.45,2.76,10,9.14,9.91,0.14,8.68,6.6,0,28.91,6.2,5.41,9.85,7.63,10,10,4.62,7.74,7.45,7.82,10,10,8,9.33,7.23,4.54,4.73,6,10,0,5.42,4.75,7.78,9.85,10,9.13,9.11,8.44,7.73
2018,NPL,Nepal,6.48,109,3,7.58,14.22,9.21,3.41,7.18,24.86,5,36,5,36,5,5.63,6.92,4.34,3.82,5.15,,6.17,3.34,7.98,5.1,0.81,4.64,9.14,4.3,9.27,1.83,9.16,4.2,0,6.89,5,7.5,7.58,12.1,5.6,11.01,6.06,4.86,7.94,6.4,10,1.66,0,10,3.89,6.59,8,10,10,9.33,6.67,4.03,5.6,10,2.6,10,6.48,3.55,5.78,9.07,4.38,8.98,5.77,6.25,7.36
2018,NZL,New Zealand,8.53,3,1,4.74,23.88,6.32,14,7.34,24.31,7,33,7,34,7,7.7,6.62,7.65,7.14,7.38,10,8.03,7.18,9.9,8.68,1,8.25,9.95,0.26,9.53,1.17,9.68,1.6,10,9.79,8.88,1.68,9.6,2,8.94,2.64,9.14,7.45,8.74,8.09,10,10,6.92,7.74,8.22,8.86,10,10,10,10,8.9,5.28,7.62,10,10,10,8.63,5.19,9.78,9.98,9.88,9.4,8.43,8.78,9.14
2018,OMN,Oman,6.79,87,3,0.22,39.24,8.13,7.35,1.79,43.75,10,0,10,17,10,4.7,4.97,5.3,6.15,6.66,8.3,6.78,5.04,7.69,8.55,0.64,5.57,8.65,-6.75,5.15,12.13,9.82,0.88,10,8.41,9.63,0.56,8.88,5.6,5.03,12.43,7.84,6.02,8.56,7.29,10,10,5.38,7.3,7.56,8.17,10,0.94,7,5.98,8.9,5.42,7.15,2,,10,6.69,5.66,6.22,9.82,6.71,8.88,9.24,7.76,6.81
2018,PAK,Pakistan,6.07,129,4,8.11,12.43,9.22,3.37,5.14,32,10,15,10,15,10,6.22,7.74,4.78,4.04,4.75,2.5,5.33,3.5,6.64,4.73,0.69,3.83,8.27,8.64,9.05,2.37,8.98,5.08,0,6.58,7.93,3.1,7.58,12.1,5.64,10.89,7.05,4.99,4.33,4.66,10,1.66,0.77,0.77,1.07,5.69,8,6.26,10,8.09,1.1,5.37,5.48,6,2.6,10,5.09,4.65,5.11,9.4,3.31,8.87,6.83,6.36,6.51
2018,PAN,Panama,7.8,26,1,6.53,17.79,8.56,5.8,10,14.85,9,25,4,42,6.5,7.18,7.75,3.68,4.36,5.77,8.3,5.45,2.69,8.82,5.46,0.95,5.44,9.95,0.23,9.67,0.81,9.85,0.76,10,9.87,9.56,0.66,8.98,5.1,6.37,9.08,8.3,5.87,8.9,7.39,10,10,10,10,10,8.92,8,9.33,10,9.11,2.23,3.63,5.99,4,4.13,10,5,3.95,6.67,9.75,6.74,9.2,5.43,6.95,7.02
2018,PER,Peru,7.76,29,1,6.75,17.06,9.62,1.9,7.52,23.68,8,30,3,48,5.5,8.97,7.67,4.17,3.79,4.66,7.5,5.58,4.68,8.54,3.02,1,5.24,9.91,-0.45,9.66,0.84,9.74,1.32,10,9.83,9.73,0.41,9.52,2.4,8.43,3.94,9.22,5.51,6.65,6.08,10,10,8.46,8.96,9.14,8.61,8,8.56,9,8.52,3.9,2.8,7.51,10,7.04,10,6.87,2.55,7.33,9.07,6.75,8.68,7.09,6.91,7.44
2018,PHL,Philippines,7.43,54,2,7.67,13.91,9.2,3.44,10,14.17,9,35,7,32,8,8.33,8.64,3.97,3.97,6.18,3.3,5.03,4.18,7.93,3.34,0.93,4.57,9.52,2.4,9.32,1.71,8.96,5.21,10,9.45,7.02,4.47,8.76,6.2,7.3,6.76,7.69,5.99,5.09,5.54,10,4.49,0.77,10,5.09,7.08,8,9.23,10,9.08,7.77,5.03,6.99,10,2.52,10,7.05,3.32,4.67,8.7,3.23,8.96,8.08,6.16,7.43
2018,PNG,Papua New Guinea,6.39,111,3,3.35,28.61,7.98,7.92,,,6,42,6,42,6,5.81,5.78,4.54,4.26,4.34,7.5,5.13,1.01,6.93,5.65,0.81,4.45,9.36,-3.2,7.47,6.33,9.06,4.72,0,6.47,6.61,5.08,9.14,4.3,4.41,13.98,6.72,7.16,6.25,6.71,10,4.66,7.69,7.08,6.48,7.48,10,5.44,10,8.48,7.77,,,10,7.01,10,8.69,,3.33,8.49,3.44,7.38,7.68,6.06,7.75
2018,POL,Poland,7.04,77,2,4.86,23.47,5.46,17.17,7.7,23.04,7,32,1,57,4,6.34,5.67,4.15,4.95,5.78,10,6,4.56,7.35,5.15,1,5.99,8.9,5.48,9.74,0.66,9.64,1.81,5,8.32,9.13,1.3,8.96,5.2,6.26,9.36,8.12,5.74,9.98,7.86,10,6.99,2.31,7.74,5.68,7.91,5,8.49,10,7.83,5.57,3.86,7.43,8,7.76,10,7.1,3.14,8.89,8.66,6.58,8.68,6.26,7.04,7.32
2018,PRT,Portugal,7.6,43,2,5.66,20.74,4.94,19.06,10,10.59,4,53,1,66,2.5,7.57,6.13,6.35,5.41,6.56,10,7.83,4.23,7.41,7.97,1,6.97,7.74,11.3,9.86,0.35,9.8,0.99,10,9.35,9.13,1.3,8.96,5.2,6.26,9.36,8.12,7.34,9.98,8.66,10,10,4.62,7.74,7.45,8.56,5,7.21,10,7.4,2.23,3.51,6.05,6,7.04,10,5.81,3.48,8.67,9.77,8.62,8.31,7.28,7.69,6.97
2018,PRY,Paraguay,7.23,67,2,7.41,14.81,8.83,4.78,8.74,19.41,10,10,7,32,8.5,8.9,8.48,3.26,3.63,5.52,2.5,4.34,4.07,8.54,2.84,1,4.34,9.89,0.55,9.03,2.43,9.2,3.98,10,9.53,8.97,1.54,8.04,9.8,6.82,7.94,7.95,5.88,5.96,5.92,10,4.49,3.85,6.75,5.03,7.22,8,9.76,9,8.92,5.57,3.28,6.76,6,2.6,3,4.53,4.28,4.67,8.33,5.51,8.94,5.76,6.25,6.57
2018,QAT,Qatar,6.88,83,3,0,41.87,9.61,1.92,,,10,0,10,0,10,2.97,5.65,5.12,6.24,5.94,6.7,6.85,4.86,9.88,7.92,0.64,5.49,8.77,6.14,4.25,14.37,9.95,0.26,10,8.24,9.31,1.03,9.04,4.8,6.41,8.98,8.25,6.63,7.47,7.05,10,10,4.62,4.09,6.24,7.89,5,10,7,7.33,10,6.96,7.4,4,4.82,3,6.03,6.61,6.67,9.65,6.06,9.49,9.54,8,7.12
2018,ROU,Romania,7.83,23,1,5.59,21.01,6.4,13.71,10,12.44,10,10,4,42,7,7.21,7.24,4.8,4.49,6.38,8.3,5.05,5.04,9.3,6.59,1,6.24,8.94,5.28,9.3,1.74,9.07,4.63,10,9.33,9.13,1.3,8.96,5.2,6.26,9.36,8.12,6.26,9.97,8.11,10,10,8.46,7.74,8.74,8.74,8,8.64,10,8.88,3.9,5.62,6.93,8,10,10,7.41,3.33,6.44,9.36,5.09,6.67,8.17,6.51,7.6
2018,RUS,Russia,6.74,89,3,4.11,26.03,6.32,14.02,10,7.75,10,13,5,37,7.5,4.18,6.42,3.42,3.97,5.53,6.7,4.81,5.09,9.7,5.03,0.69,4.68,7.93,10.36,8.99,2.52,9.42,2.88,10,9.09,5.39,6.92,8.64,6.8,6.6,8.5,6.88,5.19,6.93,6.06,10,5.97,3.85,3.76,4.53,6.86,5,10,9,8,5,5.11,7.82,6,8.5,3,5.9,3.7,2.22,9.67,3.92,8.23,8.22,5.99,6.63
2018,RWA,Rwanda,7.39,59,2,7.02,16.12,9.72,1.53,2.42,41.52,8,30,5,37,6.5,5.16,6.16,3.84,5.31,5.68,,5.43,4.81,9.83,7.7,1,6.09,9.14,4.3,8.73,3.17,9.94,-0.31,10,9.45,8.68,1.98,7.74,11.3,5.21,11.98,7.21,5.94,5.72,5.83,10,7.49,8.46,1.88,5.95,7.25,5,7.53,9,7.18,10,5.76,6.86,10,7.01,10,8.27,6.15,7.33,9.87,9.64,9.32,8.99,8.55,8
2018,SAU,Saudi Arabia,6.31,115,3,0.19,39.37,9.54,2.18,1.19,45.84,10,0,10,20,10,1.94,4.57,4.65,5.52,6.75,8.3,6.22,4.73,9.97,8.74,0.36,4.68,9.55,2.26,5.56,11.09,9.51,2.47,10,8.65,9.45,0.82,8.92,5.4,5.46,11.34,7.95,6.18,7.41,6.8,10,6.99,1.54,0.55,3.03,6.94,5,3.84,10,6.28,8.33,6.16,7.73,6,4.39,10,7.1,6.13,2.89,9.61,4.04,9.29,8.83,6.8,6.73
2018,SDN,Sudan,4.21,161,4,9.51,7.66,9.42,2.63,10,4.5,10,15,7,34,8.5,5,8.49,2.81,3.78,3.74,0,3.93,3.8,8.94,,0.48,2.85,1,44.98,4.04,14.91,0,63.3,5,2.51,5.45,6.83,5.7,21.5,3.89,15.27,5.01,,0.92,0.92,0.59,5.51,6.15,0.89,4.18,2.68,,6.66,0,3.33,8.33,,,8,2.52,0,4.71,,3.56,8.71,1,6.76,7.98,5.6,4.55
2018,SEN,Senegal,6.27,119,3,7.09,15.9,9.7,1.59,5.45,30.93,8,40,8,40,8,7.07,7.46,4.02,4.76,5.49,4.2,5.74,3.35,6.89,6.92,0.68,4.35,9.71,1.43,9.59,1.02,9.91,0.46,0,7.3,7.47,3.8,7.56,12.2,7.02,7.44,7.35,5.46,6.23,5.85,10,1.66,0.77,4.76,2.39,6.4,10,7.58,5,7.53,0,3.99,6.43,4,7.19,0,3.6,4.5,4.44,9.56,6.79,8.02,5.34,6.44,5.86
2018,SGP,Singapore,8.65,2,1,4.95,23.16,9.23,3.33,9.52,16.7,9,22,9,22,9,3.67,7.27,5.82,7.18,7.57,8.3,7.51,7.83,8.96,9.19,0.98,7.7,10,-0.02,9.47,1.34,9.91,0.44,10,9.84,10,0,10,0,10,0,10,8.36,9.2,8.78,10,10,6.92,10,8.97,9.44,10,10,10,10,10,7.7,8.39,10,10,0,7.68,7.44,9.78,9.95,9.57,9.99,9.28,9.34,9.01
2018,SLE,Sierra Leone,5.87,137,4,9.25,8.54,10,0.27,4.02,35.94,9,35,7,44,8,7.58,7.77,3.65,3.66,4.89,4.2,5.9,4.18,5.46,4.13,0.76,3.97,8.52,7.4,6.96,7.61,6.79,16.03,5,6.82,7.64,3.54,7.62,11.9,7.14,7.14,7.47,4.47,4.23,4.35,10,1.66,0,1.77,1.14,5.74,2,0,9,3.67,3.33,4.12,5.54,8,0,10,5.16,3.9,2.67,9.66,7.22,7.91,6.16,6.25,5.03
2018,SLV,El Salvador,7.41,56,2,6.99,16.25,9.32,2.98,10,14.05,8,30,8,30,8,9.48,8.76,4.06,3.46,5.17,4.2,3.78,3.27,8.17,2.57,1,4.34,9.9,-0.51,9.77,0.58,9.78,1.09,10,9.86,9.25,1.13,8.8,6,6.64,8.4,8.23,5.22,8.54,6.88,10,6.99,1.54,7.85,5.46,7.64,8,9.64,10,9.21,4.43,3.46,7.32,6,2.6,3,4.47,2.46,4.67,9.01,4.12,5.85,8.12,5.7,6.46
2018,SRB,Serbia,7.05,74,2,6.09,19.29,3.69,23.66,8.68,19.6,10,15,5,39,7.5,6.42,6.48,4.27,4.16,5.59,6.7,5.75,3.37,8.52,5.12,1,5.44,9.43,2.86,9.84,0.39,9.61,1.96,5,8.47,9.27,1.1,8.52,7.4,7.25,6.88,8.34,5.76,9.75,7.75,10,,1.54,6.97,4.25,7.59,8,7.39,9,8.13,2.23,5.02,6.79,10,7.51,10,6.92,3.49,6.22,9.75,4.37,9.29,7.47,6.77,7.27
2018,SUR,Suriname,6.37,112,3,4.15,25.89,8.58,5.69,,,5,38,5,40,5,4.36,5.53,4.79,4.98,5.92,5,5.17,2.75,4.46,3.16,0.98,4.47,7.02,14.89,4.58,13.55,8.62,6.9,10,7.56,8.39,2.42,7.92,10.4,6.13,9.67,7.48,6.71,6.83,6.77,10,1.66,0,7.3,2.99,6.81,8,8.97,9,8.66,5.57,,,10,7.01,10,8.14,,1.33,6.9,4.71,7.28,7.77,5.6,7.47
2018,SVK,Slovakia,7.63,38,1,4.44,24.91,4.89,19.27,10,14.85,9,25,2,52,5.5,7.94,6.55,4.57,4.47,6.15,10,6.52,3.75,9.69,3.99,1,6.14,8.22,8.92,9.56,1.09,9.5,2.51,10,9.32,9.13,1.3,8.96,5.2,6.26,9.36,8.12,6.11,9.98,8.05,10,7.49,5.38,7.74,6.87,8.26,10,9.65,10,9.88,5.57,3.79,6.59,8,7.76,10,6.95,2.31,7.56,9.25,7.41,6.03,7.85,6.73,7.86
2018,SVN,Slovenia,7.33,62,2,4.13,25.97,4.92,19.15,9.01,18.47,4,50,0,66,2,6.89,5.39,5.49,5.24,6.36,9.2,7.35,4.23,8.32,7.43,0.95,6.54,7.96,10.19,9.73,0.67,9.65,1.74,10,9.34,9.13,1.3,8.96,5.2,6.26,9.36,8.12,6.78,9.98,8.38,10,6.99,3.08,7.74,5.94,8.11,5,10,10,8.33,2.23,2.74,6.07,8,8.13,10,6.2,2.65,7.56,9.63,9.52,6.88,7.39,7.27,7.27
2018,SWE,Sweden,7.58,46,2,0.94,36.82,4.88,19.3,8.87,18.94,2,57,0,67,1,8.06,4.75,7.31,6.94,7.21,9.2,8.23,6.11,8.45,6.89,1,7.54,8.01,9.94,9.86,0.36,9.61,1.95,10,9.37,9.13,1.3,8.96,5.2,6.26,9.36,8.12,7.03,9.93,8.48,10,10,3.08,7.74,6.94,8.38,10,10,8,9.33,6.67,4.31,4.3,6,10,5,6.05,4.59,6.67,9.72,10,9.01,8.63,8.1,7.83
2018,SWZ,Eswatini,6.27,119,3,4.26,25.53,9.89,0.91,2.66,40.69,7,33,7,33,7,4,5.56,3.63,4.66,4.78,,6.12,1.59,7.2,6.53,0.85,4.57,8.27,8.65,8.22,4.45,9.04,4.81,5,7.63,2.57,11.15,8.48,7.6,5.59,11.02,5.55,5.81,3.28,4.55,10,1.66,0.77,9.62,4.02,6.03,8,8.33,10,8.78,8.9,4.12,5.87,10,6.89,10,7.63,4.04,4,8.5,5.61,8.68,6.64,6.24,7.55
2018,SYC,Seychelles,7.49,52,2,1.72,34.14,8.49,6.05,9.9,15.36,10,15,10,19,10,3.44,6.71,5.27,5.46,5.53,,6.98,4.06,7.08,4.86,0.98,5.54,9.22,3.88,8.56,3.6,9.26,3.7,10,9.26,9.49,0.76,9.36,3.2,5.1,12.26,7.98,5.87,5.33,5.6,10,10,8.46,10,9.49,8.27,5,9.65,9,7.88,8.9,5.13,5.82,8,7.53,10,7.56,5.17,5.78,8.84,7.89,9.08,9.05,7.63,7.69
2018,SYR,Syria,5.45,151,4,6.82,16.81,8.97,4.29,,,9,22,5,38,7,3.7,6.62,2.54,2.27,5.44,3.3,5.28,3.22,4.09,5.95,0.48,2.96,9.48,2.61,4.58,13.54,8.3,8.52,10,8.09,8.37,2.45,6.7,16.5,0.63,23.43,5.23,4.6,2.81,3.7,9.03,0,0.83,0,0.28,4.56,2,4.76,10,5.59,7.23,4.98,4.74,6,10,0,5.49,3.81,0,9.13,0.53,,6.23,3.94,5.01
2018,TCD,Chad,5.71,145,4,10,4.44,9.92,0.8,9.3,17.45,8,30,8,30,8,7.49,8.94,2.54,3.06,4.51,,4.14,2.22,6.79,3.3,0.7,3.23,8.32,-8.42,7.98,5.05,9.2,4,0,6.37,,,6.42,17.9,6.21,9.49,6.31,3.92,0.77,2.35,10,1.66,1.54,1.44,1.54,5.05,2,5.88,10,5.96,5,4.2,6.1,6,7.94,3,5.37,3.64,0.89,6.28,2.11,7.2,0.65,3.46,4.93
2018,TGO,Togo,6.25,121,3,5.06,22.78,9.95,0.7,6.64,26.75,7,35,,,7,6,6.93,3.42,3.83,6.17,4.2,4.32,3.9,8.81,6.95,0.98,5.14,9.49,2.53,9.22,1.95,9.81,0.93,0,7.13,6.63,5.05,7.56,12.2,7.02,7.44,7.07,4.87,3.29,4.08,10,1.66,0.77,1.66,1.36,5.63,10,10,5,8.33,1.67,,,8,7.01,0,4.17,,4,9.81,3.92,8.15,8.22,6.82,6.44
2018,THA,Thailand,6.75,88,3,4.44,24.9,9.21,3.41,6.91,25.83,8,35,8,35,8,6.43,7,4.78,4.55,5.26,3.3,4.48,5.26,7.46,4.37,0.83,4.52,9.81,0.95,9.68,0.8,9.79,1.06,5,8.57,9.69,0.47,8.08,9.6,4.32,14.21,7.36,5.69,7.99,6.84,10,1.66,1.54,6.08,3.09,6.82,8,9.84,10,9.28,5.57,5.57,5.64,10,1.37,0,4.69,4.58,7.11,9.78,1.25,9.08,7.43,6.54,6.84
2018,TJK,Tajikistan,6.05,132,4,7.5,14.49,9.06,3.94,0,79.17,10,13,7,31,8.5,1.3,5.27,3.94,4.01,4.62,,4.3,5.67,8.46,5.99,0.69,4.47,7.25,13.76,9.12,2.21,9.24,3.8,5,7.65,9.19,1.22,8.46,7.7,7.66,5.85,8.44,5.32,4.54,4.93,10,1.66,2.31,1,1.65,6.25,8,8.53,8,8.18,5.57,5.87,7.37,8,7.76,0,5.76,5.62,2.44,9.59,1.83,8.35,7.49,5.89,6.61
2018,TLS,Timor-Leste,6.29,117,3,0,43.38,8.71,5.24,0,71.83,10,10,10,10,10,3.57,4.45,4.98,3.82,3.77,,5.66,0,,1.4,1,3.27,9.03,-4.85,5.24,11.9,9.47,2.64,10,8.44,9.66,0.51,9.5,2.5,10,0,9.72,3.93,5.05,4.49,10,,8.46,,8.46,8.17,,6.4,9,7.7,2.23,,,8,5.51,10,6.44,,4.89,9.58,6.57,7.54,7.38,7.19,7.11
2018,TTO,Trinidad and Tobago,7.26,65,2,6.78,16.96,7.89,8.24,,,9,30,6,45,7.5,6.45,7.16,5.69,4.44,5.96,8.3,4.97,2.96,6.24,3.59,0.98,5.21,9.44,-2.82,7.44,6.39,9.8,1.02,10,9.17,8.9,1.65,7.86,10.7,5.81,10.49,7.52,5.93,6.18,6.05,10,8.34,6.15,10,8.17,7.94,8,0,10,6,10,3.62,6.05,10,5.14,10,7.47,3.46,6.67,9.66,7.91,6.78,7.65,7.02,6.83
2018,TUN,Tunisia,6.07,129,4,5.23,22.21,6.41,13.67,5.83,29.59,5,36,2,53,3.5,5.09,5.21,4.8,4.99,6.28,5.8,7.53,4.88,7.33,5.78,0.8,5.32,8.24,8.8,9.49,1.26,8.54,7.31,0,6.57,8.83,1.75,7.68,11.6,5.27,11.83,7.26,5.16,8.09,6.63,8.7,1.66,0.77,9.4,3.94,6.63,5,6.67,10,7.22,6.1,3.35,5.47,10,5.51,3,5.57,3.18,5.11,9.68,7.57,8.74,8.39,7.11,6.64
2018,TUR,Turkey,6.62,99,3,5.66,20.74,6.47,13.44,10,14.11,7,35,7,35,7,5.23,6.87,3.48,4.05,5.07,3.3,4.3,4.5,8.93,5.58,0.88,4.61,8.76,6.22,8.52,3.71,6.73,16.33,10,8.5,9.51,0.74,7.86,10.7,0.76,23.11,6.04,5.56,9.57,7.57,10,4.49,2.31,8.41,5.07,7.17,5,9.19,4,6.06,5.57,4.26,7.1,8,2.52,5,5.41,4.41,5.56,9.71,1.59,9.28,8.09,6.44,5.97
2018,TWN,Taiwan,7.94,16,1,5.46,21.45,9.26,3.21,,,7,40,7,40,7,8.13,7.46,5.67,5.62,7.21,6.7,7.68,6.25,7.89,7.83,1,6.86,9.84,0.78,9.3,1.75,9.72,1.4,10,9.72,9.53,0.7,8.7,6.5,4.44,13.91,7.56,6.59,8.76,7.68,10,,,5.2,5.2,7.61,5,9.24,10,8.08,5.57,6.2,8.33,10,6.26,10,7.73,4.9,9.56,9.66,9.4,9.58,7.52,8.44,8.08
2018,TZA,Tanzania,6.73,90,3,8.09,12.51,10,0.36,7.14,25,8,30,4,45,6,4.13,7.07,4.45,4.33,5.01,5.8,6.89,5.71,7.02,5.16,0.93,5.36,9.34,-3.28,9.34,1.65,9.3,3.49,5,8.25,7.34,3.99,7.4,13,5.06,12.35,6.6,5.03,0.8,2.91,10,1.66,1.54,10,4.4,5.98,8,8.27,9,8.42,5.57,4.82,5.95,10,8.27,5,6.6,4.61,1.56,8.63,5.39,7.91,7.68,5.96,7
2018,UGA,Uganda,7.55,50,2,7.55,14.34,10,0.17,10,12.98,5,40,3,50,4,7.88,7.89,3.89,4.32,4.93,3.3,5.74,4.87,7.92,4.33,0.93,4.74,9.15,4.23,9.37,1.59,9.48,2.62,10,9.5,7.65,3.53,7.4,13,5.06,12.35,6.7,5.57,4.62,5.09,10,10,8.46,10,9.49,7.82,8,8.25,9,8.42,10,5.63,8.15,8,10,10,8.63,4.48,4.22,8.81,3.66,9.06,7.81,6.34,7.8
2018,UKR,Ukraine,6.06,131,4,4.97,23.11,5.47,17.12,8.32,20.87,10,20,7,34,8.5,6.32,6.72,3.4,3.74,5.11,8.3,5.29,4.28,9.16,4.62,0.67,4.57,8.72,6.4,6.06,9.84,7.81,10.95,0,5.65,9.47,0.79,9.1,4.5,7.91,5.22,8.83,5.41,7.24,6.33,10,0,0,5.86,1.95,6.78,5,8.39,10,7.8,5.57,5.53,5.78,6,9.25,0,5.35,4.39,6,9.79,3.8,9.73,6.33,6.67,6.61
2018,URY,Uruguay,7.25,66,2,6.48,17.98,5.7,16.27,7.36,24.22,7,36,6,44,6.5,6.09,6.43,6.82,5.67,6.22,5.8,5.67,3.59,6.45,5.05,0.95,5.52,8.81,5.95,9.1,2.26,8.48,7.61,10,9.1,8.1,2.85,7.94,10.3,6.87,7.83,7.64,5.79,6.57,6.18,10,10,8.46,7.74,8.74,8.14,5,8.3,10,7.77,8.9,2.51,1.61,8,4.61,10,5.94,3.18,7.33,9.54,10,6.59,8.17,7.47,7.06
2018,USA,United States,8.22,6,1,6.71,17.18,6.08,14.89,9.7,16.04,5,43-50,5,43-50,5,10,7.5,6.84,6.84,7,6.7,7.79,6.76,8.92,7.81,1,7.33,9.48,-2.61,9.78,0.54,9.51,2.44,10,9.69,9.37,0.94,9.32,3.4,6.49,8.77,8.39,6.52,9.8,8.16,10,10,3.08,0.55,4.54,7.77,10,7.21,10,9.07,8.9,7.18,7.79,10,10,10,8.98,5.77,8,9.86,9.13,9.6,8.04,8.4,8.82
2018,VEN,Venezuela,3.34,162,4,8.96,9.53,5.77,16.01,0,70.36,7,34,4,41,5.5,1.34,4.31,1.73,1.79,3.31,0.8,2.49,2.44,8.14,1.37,1,2.76,2.77,36.16,0,55163.34,0,65374.1,0,0.69,8.45,2.33,7.24,13.8,6.08,9.8,7.26,3.76,10,6.88,9.15,0,0,7.19,2.4,6.42,5,0,5,3.33,0,1.56,5.66,4,,0,2.24,1.28,0,4.44,1.16,4.98,0,1.98,2.52
2018,VNM,Vietnam,6.2,125,4,9.19,8.74,,,4.54,34.12,7,35,5,36,6,5.66,6.35,2.93,4.39,5.22,5,5.6,5.09,8.79,5.3,0.77,4.69,8.96,5.18,9.26,1.86,9.29,3.53,0,6.88,9.12,1.32,8.1,9.5,5.36,11.59,7.53,4.88,5.75,5.32,10,4.16,0.77,0.77,1.9,6.19,,7.91,10,8.95,7.77,5.46,6.53,10,2.52,0,5.38,3.98,6.22,9.43,5.01,8.21,5.7,6.43,6.92
2018,YEM,Yemen,5.51,149,4,8.63,10.66,9.02,4.1,,,10,15,8,27,9,3.81,7.61,2.27,2.68,3.48,4.2,3.51,3.78,9.05,3.43,0.66,3.36,9.91,0.47,3.24,16.91,4.48,27.6,10,6.91,8.92,1.62,8.48,7.6,7.81,5.47,8.4,4.05,10,7.02,0,10,6.92,1,5.97,5.35,,0,5,2.5,8.9,3.37,7,8,2.52,10,6.63,2.94,0,8.28,0.53,,7.22,3.79,4.31
2018,ZAF,South Africa,6.73,90,3,4.06,26.2,8.67,5.37,3.79,36.72,7,45,5,46,6,8.02,6.11,5.99,5.26,5.56,8.3,4.77,4.96,6.94,3.65,1,5.68,9.17,4.15,9.55,1.13,9.1,4.5,5,8.2,8.74,1.89,8.46,7.7,4.21,14.48,7.14,5.44,4.68,5.06,10,1.66,0.77,8.3,3.57,6.44,10,7.53,10,9.18,5.57,3.13,4.11,8,8.27,10,6.51,3.36,3.33,8.72,4.68,8.39,7.65,6.02,7.24
2018,ZMB,Zambia,7.19,69,2,5.22,22.26,10,0.12,10,14.29,5,38,4,45,4.5,7.8,7.5,3.85,4.21,5.23,8.3,6.03,3.51,6.03,3.58,0.98,5.03,9.54,-2.31,8.86,2.84,8.5,7.49,10,9.23,9,1.5,7.3,13.5,5.41,11.48,7.24,5.28,2.43,3.85,10,10,9.23,10,9.74,7.71,5,7.55,10,7.52,3.33,4.8,7.49,8,0,10,5.6,4.22,3.78,9.37,4.77,7.85,8.23,6.37,6.5
2018,ZWE,Zimbabwe,5.12,155,4,6.58,17.63,8.5,6,0,69.45,4,52,4,52,4,3.47,4.51,3.79,3.36,3.86,3.3,4.94,2.37,7.05,3.9,1,4.07,1.99,40.05,5.26,11.85,7.88,10.6,5,5.03,8.08,2.88,6.5,17.5,1.32,21.7,5.3,5.2,1.33,3.26,10,4.16,0,8.85,4.34,5.73,8,9.31,5,7.44,6.67,2.96,3.55,8,6.26,10,6.24,2.41,2.67,8.33,2.21,7.99,7.29,5.15,6.28
