FIPS,Name,Type,TimeFrame,Data
WORLD,WORLD,World,2019,0.26
AFRICA,AFRICA,Sub-Region,2019,0.41
NORTHERN AFRICA,NORTHERN AFRICA,Sub-Region,2019,0.33
DZ,Algeria,Country,2019,0.3
EG,Egypt,Country,2019,0.34
LY,Libya,Country,2019,0.34
MA,Morocco,Country,2019,0.26
SD,Sudan,Country,2019,0.41
TN,Tunisia,Country,2019,0.25
EH,Western Sahara,Country,2019,0.27
WESTERN AFRICA,WESTERN AFRICA,Sub-Region,2019,0.44
BJ,Benin,Country,2019,0.46
BF,Burkina Faso,Country,2019,0.45
CV,Cape Verde,Country,2019,0.28
CI,Cote d'Ivoire,Country,2019,0.42
GM,Gambia,Country,2019,0.44
GH,Ghana,Country,2019,0.37
GN,Guinea,Country,2019,0.45
GW,Guinea-Bissau,Country,2019,0.44
LR,Liberia,Country,2019,0.41
ML,Mali,Country,2019,0.48
MR,Mauritania,Country,2019,0.4
NE,Niger,Country,2019,0.51
NG,Nigeria,Country,2019,0.44
SN,Senegal,Country,2019,0.43
SL,Sierra Leone,Country,2019,0.41
TG,Togo,Country,2019,0.41
EASTERN AFRICA,EASTERN AFRICA,Sub-Region,2019,0.42
BI,Burundi,Country,2019,0.44
KM,Comoros,Country,2019,0.4
DJ,Djibouti,Country,2019,0.3
ER,Eritrea,Country,2019,0.42
ET,Ethiopia,Country,2019,0.4
KE,Kenya,Country,2019,0.39
MG,Madagascar,Country,2019,0.4
MW,Malawi,Country,2019,0.44
MU,Mauritius,Country,2019,0.18
YT,Mayotte,Country,2019,0.44
MZ,Mozambique,Country,2019,0.46
RE,Reunion,Country,2019,0.22
RW,Rwanda,Country,2019,0.4
SC,Seychelles,Country,2019,0.24
SO,Somalia,Country,2019,0.47
SS,South Sudan,Country,2019,0.42
TZ,Tanzania,Country,2019,0.44
UG,Uganda,Country,2019,0.47
ZM,Zambia,Country,2019,0.44
ZW,Zimbabwe,Country,2019,0.42
MIDDLE AFRICA,MIDDLE AFRICA,Sub-Region,2019,0.46
AO,Angola,Country,2019,0.48
CM,Cameroon,Country,2019,0.42
CF,Central African Republic,Country,2019,0.44
TD,Chad,Country,2019,0.48
CG,Congo,Country,2019,0.42
CD,"Congo, Dem. Rep.",Country,2019,0.46
GQ,Equatorial Guinea,Country,2019,0.37
GA,Gabon,Country,2019,0.37
ST,Sao Tome and Principe,Country,2019,0.38
SOUTHERN AFRICA,SOUTHERN AFRICA,Sub-Region,2019,0.29
BW,Botswana,Country,2019,0.31
SZ,eSwatini,Country,2019,0.34
LS,Lesotho,Country,2019,0.32
NA,Namibia,Country,2019,0.37
ZA,South Africa,Country,2019,0.29
NORTHERN AMERICA,NORTHERN AMERICA,Sub-Region,2019,0.18
CA,Canada,Country,2019,0.16
US,United States,Country,2019,0.18
LATIN AMERICA AND THE CARIBBEAN,LATIN AMERICA AND THE CARIBBEAN,Sub-Region,2019,0.24
CENTRAL AMERICA,CENTRAL AMERICA,Sub-Region,2019,0.28
BZ,Belize,Country,2019,0.36
CR,Costa Rica,Country,2019,0.22
SV,El Salvador,Country,2019,0.26
GT,Guatemala,Country,2019,0.37
HN,Honduras,Country,2019,0.3
MX,Mexico,Country,2019,0.27
NI,Nicaragua,Country,2019,0.31
PA,Panama,Country,2019,0.26
CARIBBEAN,CARIBBEAN,Sub-Region,2019,0.24
AG,Antigua and Barbuda,Country,2019,0.21
BS,Bahamas,Country,2019,0.22
BB,Barbados,Country,2019,0.17
CU,Cuba,Country,2019,0.16
CW,Curacao,Country,2019,0.17
DM,Dominica,Country,2019,0.22
DO,Dominican Republic,Country,2019,0.27
GD,Grenada,Country,2019,0.24
GP,Guadeloupe,Country,2019,0.18
HT,Haiti,Country,2019,0.33
JM,Jamaica,Country,2019,0.26
MQ,Martinique,Country,2019,0.15
PR,Puerto Rico,Country,2019,0.15
KN,St. Kitts-Nevis,Country,2019,0.2
LC,Saint Lucia,Country,2019,0.19
VC,St. Vincent and the Grenadines,Country,2019,0.22
TT,Trinidad and Tobago,Country,2019,0.21
SOUTH AMERICA,SOUTH AMERICA,Sub-Region,2019,0.23
AR,Argentina,Country,2019,0.24
BO,Bolivia,Country,2019,0.31
BR,Brazil,Country,2019,0.21
CL,Chile,Country,2019,0.19
CO,Colombia,Country,2019,0.24
EC,Ecuador,Country,2019,0.29
GF,French Guiana,Country,2019,0.32
GY,Guyana,Country,2019,0.28
PY,Paraguay,Country,2019,0.3
PE,Peru,Country,2019,0.26
SR,Suriname,Country,2019,0.27
UY,Uruguay,Country,2019,0.2
VE,Venezuela,Country,2019,0.26
ASIA,ASIA,Sub-Region,2019,0.24
WESTERN ASIA,WESTERN ASIA,Sub-Region,2019,0.28
AM,Armenia,Country,2019,0.2
AZ,Azerbaijan,Country,2019,0.22
BH,Bahrain,Country,2019,0.19
CY,Cyprus,Country,2019,0.17
GE,Georgia,Country,2019,0.2
IQ,Iraq,Country,2019,0.37
IL,Israel,Country,2019,0.28
JO,Jordan,Country,2019,0.34
KW,Kuwait,Country,2019,0.22
LB,Lebanon,Country,2019,0.26
OM,Oman,Country,2019,0.22
PS,Palestinian Territory,Country,2019,0.38
QA,Qatar,Country,2019,0.14
SA,Saudi Arabia,Country,2019,0.25
SY,Syria,Country,2019,0.34
TR,Turkey,Country,2019,0.23
AE,United Arab Emirates,Country,2019,0.15
YE,Yemen,Country,2019,0.39
CENTRAL ASIA,CENTRAL ASIA,Sub-Region,2019,0.3
KZ,Kazakhstan,Country,2019,0.28
KG,Kyrgyzstan,Country,2019,0.32
TJ,Tajikistan,Country,2019,0.34
TM,Turkmenistan,Country,2019,0.31
UZ,Uzbekistan,Country,2019,0.29
SOUTH ASIA,SOUTH ASIA,Sub-Region,2019,0.29
AF,Afghanistan,Country,2019,0.43
BD,Bangladesh,Country,2019,0.28
BT,Bhutan,Country,2019,0.26
IN,India,Country,2019,0.27
IR,Iran,Country,2019,0.24
MV,Maldives,Country,2019,0.2
NP,Nepal,Country,2019,0.29
PK,Pakistan,Country,2019,0.36
LK,Sri Lanka,Country,2019,0.25
SOUTHEAST ASIA,SOUTHEAST ASIA,Sub-Region,2019,0.26
BN,Brunei,Country,2019,0.21
KH,Cambodia,Country,2019,0.31
ID,Indonesia,Country,2019,0.27
LA,Laos,Country,2019,0.32
MY,Malaysia,Country,2019,0.23
MM,Myanmar,Country,2019,0.28
PH,Philippines,Country,2019,0.3
SG,Singapore,Country,2019,0.15
TH,Thailand,Country,2019,0.17
TL,Timor-Leste,Country,2019,0.37
VN,Vietnam,Country,2019,0.23
EAST ASIA,EAST ASIA,Sub-Region,2019,0.16
CN,China,Country,2019,0.17
HK,"China, Hong Kong SAR",Country,2019,0.12
MO,"China, Macao SAR",Country,2019,0.13
JP,Japan,Country,2019,0.12
KP,"Korea, North",Country,2019,0.2
KR,"Korea, South",Country,2019,0.12
MN,Mongolia,Country,2019,0.31
TW,Taiwan,Country,2019,0.13
EUROPE,EUROPE,Sub-Region,2019,0.16
NORTHERN EUROPE,NORTHERN EUROPE,Sub-Region,2019,0.18
Channel Islands,Channel Islands,Sub-Region,2019,0.15
DK,Denmark,Country,2019,0.16
EE,Estonia,Country,2019,0.16
FI,Finland,Country,2019,0.16
IS,Iceland,Country,2019,0.19
IE,Ireland,Country,2019,0.2
LV,Latvia,Country,2019,0.16
LT,Lithuania,Country,2019,0.15
NO,Norway,Country,2019,0.17
SE,Sweden,Country,2019,0.18
GB,United Kingdom,Country,2019,0.18
WESTERN EUROPE,WESTERN EUROPE,Sub-Region,2019,0.16
AT,Austria,Country,2019,0.14
BE,Belgium,Country,2019,0.17
FR,France,Country,2019,0.18
DE,Germany,Country,2019,0.14
LI,Liechtenstein,Country,2019,0.15
LU,Luxembourg,Country,2019,0.16
MC,Monaco,Country,2019,0.13
NL,Netherlands,Country,2019,0.16
CH,Switzerland,Country,2019,0.15
EASTERN EUROPE,EASTERN EUROPE,Sub-Region,2019,0.17
BY,Belarus,Country,2019,0.17
BG,Bulgaria,Country,2019,0.14
CZ,Czechia,Country,2019,0.16
HU,Hungary,Country,2019,0.15
MD,Moldova,Country,2019,0.16
PL,Poland,Country,2019,0.15
RO,Romania,Country,2019,0.16
RU,Russia,Country,2019,0.18
SK,Slovakia,Country,2019,0.16
UA,Ukraine,Country,2019,0.15
SOUTHERN EUROPE,SOUTHERN EUROPE,Sub-Region,2019,0.14
AL,Albania,Country,2019,0.17
AD,Andorra,Country,2019,0.13
BA,Bosnia-Herzegovina,Country,2019,0.15
HR,Croatia,Country,2019,0.14
GR,Greece,Country,2019,0.14
IT,Italy,Country,2019,0.13
KV,Kosovo,Country,2019,0.24
MT,Malta,Country,2019,0.14
ME,Montenegro,Country,2019,0.18
MK,North Macedonia,Country,2019,0.16
PT,Portugal,Country,2019,0.14
SM,San Marino,Country,2019,0.15
RS,Serbia,Country,2019,0.14
SI,Slovenia,Country,2019,0.15
ES,Spain,Country,2019,0.15
OCEANIA,OCEANIA,Sub-Region,2019,0.23
AU,Australia,Country,2019,0.19
FM,Federated States of Micronesia,Country,2019,0.32
FJ,Fiji,Country,2019,0.29
PF,French Polynesia,Country,2019,0.23
GU,Guam,Country,2019,0.25
KI,Kiribati,Country,2019,0.35
MH,Marshall Islands,Country,2019,0.39
NR,Nauru,Country,2019,0.4
NC,New Caledonia,Country,2019,0.23
NZ,New Zealand,Country,2019,0.19
PW,Palau,Country,2019,0.2
PG,Papua New Guinea,Country,2019,0.36
WS,Samoa,Country,2019,0.38
SB,Solomon Islands,Country,2019,0.4
TO,Tonga,Country,2019,0.36
TV,Tuvalu,Country,2019,0.31
VU,Vanuatu,Country,2019,0.39
,,,,
,,,,
,,,,
,,,,