Country,Code,Year,Completed Post-Secondary (%),,,UIS: Percentage of population age 25+ with at least completed post-secondary education (ISCED 4 or higher). Total
Albania,ALB,2001,7.4,,,
Albania,ALB,2008,9.8,,,
Albania,ALB,2011,12,,,
Albania,ALB,2012,12.9,,,
Andorra,AND,2003,27.8,,,
Andorra,AND,2004,30.5,,,
Andorra,AND,2005,28.1,,,
Andorra,AND,2006,30.5,,,
Andorra,AND,2014,32.7,,,
Armenia,ARM,2001,42.1,,,
Armenia,ARM,2011,47,,,
Australia,AUS,2004,33.4,,,
Australia,AUS,2005,34.2,,,
Australia,AUS,2006,35.7,,,
Australia,AUS,2007,36.7,,,
Australia,AUS,2008,39.4,,,
Australia,AUS,2009,40.6,,,
Australia,AUS,2010,41.8,,,
Australia,AUS,2011,42.7,,,
Australia,AUS,2012,46.5,,,
Australia,AUS,2013,41.6,,,
Australia,AUS,2014,39,,,
Austria,AUT,2005,23.8,,,
Austria,AUT,2007,23.9,,,
Austria,AUT,2008,23.6,,,
Austria,AUT,2009,25.6,,,
Austria,AUT,2010,26.2,,,
Austria,AUT,2011,26.3,,,
Austria,AUT,2012,27,,,
Austria,AUT,2013,27.8,,,
Austria,AUT,2014,28.4,,,
Azerbaijan,AZE,1999,32.6,,,
Azerbaijan,AZE,2007,33.3,,,
Azerbaijan,AZE,2008,33.4,,,
Azerbaijan,AZE,2009,29.8,,,
Azerbaijan,AZE,2010,30,,,
Azerbaijan,AZE,2011,30,,,
Azerbaijan,AZE,2012,30,,,
Azerbaijan,AZE,2013,30,,,
Azerbaijan,AZE,2014,30.1,,,
Bahamas,BHS,2000,19.2,,,
Bahamas,BHS,2010,31.3,,,
Bahrain,BHR,2010,40.1,,,
Bangladesh,BGD,2001,4.2,,,
Barbados,BRB,2000,15.7,,,
Belarus,BLR,2009,63.4,,,
Belgium,BEL,2006,28.2,,,
Belgium,BEL,2008,29.4,,,
Belgium,BEL,2009,30.6,,,
Belgium,BEL,2010,31.7,,,
Belgium,BEL,2011,32.2,,,
Belgium,BEL,2012,32.7,,,
Belgium,BEL,2013,33,,,
Belgium,BEL,2014,32.8,,,
Belize,BLZ,2010,15.4,,,
Benin,BEN,2002,2.2,,,
Bermuda,BMU,2000,51.2,,,
Bermuda,BMU,2010,51,,,
Bhutan,BTN,2012,5.4,,,
Bolivia,BOL,2001,16.8,,,
Bolivia,BOL,2006,20.9,,,
Bolivia,BOL,2008,20.5,,,
Bolivia,BOL,2009,22.8,,,
Bosnia and Herzegovina,BIH,2010,9.2,,,
Bosnia and Herzegovina,BIH,2011,9.8,,,
Brazil,BRA,2006,8.6,,,
Brazil,BRA,2007,9.3,,,
Brazil,BRA,2008,10,,,
Brazil,BRA,2009,10.6,,,
Brazil,BRA,2010,11.3,,,
Brazil,BRA,2011,11.4,,,
Brazil,BRA,2013,12.6,,,
Burkina Faso,BFA,2006,1.8,,,
Burkina Faso,BFA,2007,0.3,,,
Cambodia,KHM,2007,1.8,,,
Cambodia,KHM,2008,1.9,,,
Cambodia,KHM,2009,2,,,
Cameroon,CMR,2010,13.5,,,
Canada,CAN,2006,56,,,
Canada,CAN,2011,59.6,,,
Cayman Islands,CYM,2004,31.2,,,
Cayman Islands,CYM,2005,39.8,,,
Cayman Islands,CYM,2006,37.7,,,
Cayman Islands,CYM,2007,45.2,,,
Cayman Islands,CYM,2008,45.2,,,
Cayman Islands,CYM,2014,54.8,,,
Chile,CHL,2004,13.2,,,
China,CHN,2000,4.3,,,
Colombia,COL,2012,20.3,,,
Colombia,COL,2013,21.9,,,
Colombia,COL,2014,19.7,,,
Costa Rica,CRI,2012,21,,,
Cuba,CUB,2002,9.4,,,
Cuba,CUB,2012,30.7,,,
Cyprus,CYP,2004,27.7,,,
Cyprus,CYP,2005,27.3,,,
Cyprus,CYP,2006,28.6,,,
Cyprus,CYP,2007,30.9,,,
Cyprus,CYP,2008,31.3,,,
Cyprus,CYP,2009,30.9,,,
Cyprus,CYP,2010,32.6,,,
Cyprus,CYP,2011,34,,,
Cyprus,CYP,2012,35.7,,,
Cyprus,CYP,2013,35.8,,,
Cyprus,CYP,2014,37.2,,,
Czech Republic,CZE,2006,14.1,,,
Czech Republic,CZE,2007,14.1,,,
Czech Republic,CZE,2008,14.6,,,
Czech Republic,CZE,2009,15.7,,,
Czech Republic,CZE,2010,16.9,,,
Czech Republic,CZE,2011,18.2,,,
Czech Republic,CZE,2012,19,,,
Czech Republic,CZE,2013,20,,,
Ecuador,ECU,2008,14.8,,,
Ecuador,ECU,2009,12.1,,,
Ecuador,ECU,2010,12.4,,,
Ecuador,ECU,2013,14.3,,,
Ecuador,ECU,2014,11.7,,,
El Salvador,SLV,2006,10.6,,,
El Salvador,SLV,2010,6.8,,,
Estonia,EST,2000,30.9,,,
Ethiopia,ETH,2007,2.4,,,
Ethiopia,ETH,2011,5.9,,,
Fiji,FJI,1996,8.6,,,
Fiji,FJI,2007,15.9,,,
Finland,FIN,2013,34.4,,,
France,FRA,2004,19.9,,,
France,FRA,2005,20.6,,,
France,FRA,2007,22.6,,,
France,FRA,2008,23,,,
France,FRA,2009,24.2,,,
France,FRA,2010,24.5,,,
France,FRA,2011,25.2,,,
France,FRA,2012,26.1,,,
France,FRA,2013,27.4,,,
France,FRA,2014,28.7,,,
Georgia,GEO,2002,48.3,,,
Georgia,GEO,2012,49.7,,,
Georgia,GEO,2014,49.4,,,
Germany,DEU,2006,27.2,,,
Germany,DEU,2007,27.7,,,
Germany,DEU,2008,28.8,,,
Germany,DEU,2009,29.8,,,
Germany,DEU,2010,30.3,,,
Germany,DEU,2011,31.1,,,
Germany,DEU,2012,31.8,,,
Germany,DEU,2013,32.3,,,
Germany,DEU,2014,33.4,,,
Ghana,GHA,2010,11.3,,,
Greece,GRC,2005,23.3,,,
Greece,GRC,2006,18.2,,,
Greece,GRC,2007,25.3,,,
Greece,GRC,2008,25.7,,,
Greece,GRC,2010,26.8,,,
Greece,GRC,2014,29.8,,,
Guatemala,GTM,2002,4.2,,,
Guatemala,GTM,2012,2.8,,,
Guatemala,GTM,2013,3.4,,,
Guatemala,GTM,2014,10.3,,,
Guyana,GUY,2002,2.3,,,
Honduras,HND,2007,7.4,,,
Honduras,HND,2011,8,,,
Honduras,HND,2012,7.1,,,
Hong Kong,HKG,1996,14.5,,,
Hong Kong,HKG,2006,21.9,,,
Hong Kong,HKG,2008,22.6,,,
Hong Kong,HKG,2009,22.9,,,
Hong Kong,HKG,2010,23,,,
Hong Kong,HKG,2011,24.5,,,
Hong Kong,HKG,2014,26.9,,,
Hungary,HUN,2001,13.6,,,
Hungary,HUN,2005,16.2,,,
Hungary,HUN,2011,21.7,,,
Hungary,HUN,2012,22.9,,,
Hungary,HUN,2013,29,,,
Hungary,HUN,2014,28.2,,,
Iceland,ISL,2005,31,,,
Indonesia,IDN,2007,7.1,,,
Indonesia,IDN,2008,6.6,,,
Iran,IRN,2006,16.8,,,
Iran,IRN,2008,15.8,,,
Iran,IRN,2010,18.5,,,
Iran,IRN,2012,19.8,,,
Iran,IRN,2013,21.3,,,
Ireland,IRL,2007,38.2,,,
Ireland,IRL,2010,44.3,,,
Ireland,IRL,2011,37.8,,,
Italy,ITA,2001,9.4,,,
Italy,ITA,2005,10.9,,,
Italy,ITA,2006,11.4,,,
Italy,ITA,2007,11.9,,,
Italy,ITA,2008,12.6,,,
Italy,ITA,2009,12.5,,,
Italy,ITA,2010,12.8,,,
Italy,ITA,2011,12.8,,,
Italy,ITA,2012,13.5,,,
Jamaica,JAM,2011,14,,,
Jordan,JOR,2007,41.7,,,
Jordan,JOR,2008,26.9,,,
Jordan,JOR,2010,27.1,,,
Kazakhstan,KAZ,1999,38.2,,,
Kazakhstan,KAZ,2007,56.6,,,
Kenya,KEN,2009,7.7,,,
Kenya,KEN,2010,7.9,,,
Kuwait,KWT,2005,13.5,,,
Kuwait,KWT,2006,13.1,,,
Kuwait,KWT,2007,12.8,,,
Kuwait,KWT,2008,13.2,,,
Kuwait,KWT,2012,16.5,,,
Kuwait,KWT,2013,13.8,,,
Kyrgyzstan,KGZ,1999,28.2,,,
Kyrgyzstan,KGZ,2009,26.8,,,
Latvia,LVA,2004,30.3,,,
Latvia,LVA,2005,30.1,,,
Latvia,LVA,2006,31.9,,,
Latvia,LVA,2007,27.8,,,
Latvia,LVA,2008,29.8,,,
Latvia,LVA,2009,30.8,,,
Latvia,LVA,2010,32.7,,,
Latvia,LVA,2011,34.3,,,
Latvia,LVA,2012,35.8,,,
Latvia,LVA,2013,37.9,,,
Latvia,LVA,2014,37.5,,,
Lesotho,LSO,2006,1.9,,,
Lesotho,LSO,2008,5.4,,,
Lithuania,LTU,2005,45,,,
Lithuania,LTU,2006,46.7,,,
Lithuania,LTU,2007,48.2,,,
Lithuania,LTU,2008,48.4,,,
Lithuania,LTU,2009,48.5,,,
Lithuania,LTU,2010,48.8,,,
Lithuania,LTU,2011,49.6,,,
Lithuania,LTU,2012,49.7,,,
Lithuania,LTU,2013,49.6,,,
Lithuania,LTU,2014,50.9,,,
Luxembourg,LUX,2001,30.3,,,
Luxembourg,LUX,2007,27.4,,,
Macao,MAC,2001,28.3,,,
Macao,MAC,2006,14.3,,,
Macao,MAC,2011,19.6,,,
Macedonia,MKD,2002,12.2,,,
Malawi,MWI,1998,0.5,,,
Malaysia,MYS,2000,11.4,,,
Malaysia,MYS,2005,5.1,,,
Malaysia,MYS,2009,15.6,,,
Malaysia,MYS,2010,16.4,,,
Maldives,MDV,2006,4.2,,,
Malta,MLT,2000,7.9,,,
Malta,MLT,2005,11.1,,,
Malta,MLT,2007,17.5,,,
Malta,MLT,2010,19.3,,,
Malta,MLT,2011,19.9,,,
Malta,MLT,2012,22.4,,,
Malta,MLT,2013,23.4,,,
Malta,MLT,2014,23.7,,,
Marshall Islands,MHL,2011,17.4,,,
Mauritius,MUS,2000,7.9,,,
Mauritius,MUS,2011,12.7,,,
Moldova,MDA,2007,30.6,,,
Moldova,MDA,2008,30.9,,,
Moldova,MDA,2009,31.5,,,
Moldova,MDA,2010,31.7,,,
Moldova,MDA,2011,32.8,,,
Moldova,MDA,2012,38.5,,,
Moldova,MDA,2013,33.1,,,
Mongolia,MNG,2000,30.6,,,
Mongolia,MNG,2010,35.5,,,
Montenegro,MNE,2003,15.4,,,
Namibia,NAM,2001,5.5,,,
Netherlands,NLD,2005,29.3,,,
Netherlands,NLD,2007,31.5,,,
Netherlands,NLD,2008,31.2,,,
Netherlands,NLD,2009,31.7,,,
Netherlands,NLD,2010,32.2,,,
Netherlands,NLD,2011,31.6,,,
Netherlands,NLD,2012,32.1,,,
Netherlands,NLD,2013,30.3,,,
Netherlands,NLD,2014,30.6,,,
New Zealand,NZL,2006,42.4,,,
New Zealand,NZL,2011,47.3,,,
New Zealand,NZL,2012,47,,,
New Zealand,NZL,2014,45.8,,,
Norway,NOR,2004,29.6,,,
Norway,NOR,2005,30.5,,,
Norway,NOR,2006,31.2,,,
Norway,NOR,2007,31.7,,,
Norway,NOR,2008,32.8,,,
Norway,NOR,2009,33.4,,,
Norway,NOR,2010,34.2,,,
Norway,NOR,2011,35.2,,,
Norway,NOR,2014,37.5,,,
Oman,OMN,2003,14.4,,,
Oman,OMN,2008,19.9,,,
Oman,OMN,2010,18.7,,,
Panama,PAN,2000,11.2,,,
Panama,PAN,2010,22.7,,,
Paraguay,PRY,2003,8,,,
Paraguay,PRY,2005,14.1,,,
Paraguay,PRY,2006,11.3,,,
Peru,PER,2004,12.5,,,
Peru,PER,2005,16.1,,,
Peru,PER,2006,16.9,,,
Peru,PER,2007,18.2,,,
Peru,PER,2008,18.2,,,
Peru,PER,2009,18.8,,,
Peru,PER,2010,20.9,,,
Peru,PER,2011,21.2,,,
Philippines,PHL,2000,15.5,,,
Philippines,PHL,2004,27.3,,,
Philippines,PHL,2008,29.7,,,
Philippines,PHL,2010,31.3,,,
Philippines,PHL,2013,32.9,,,
Poland,POL,2002,16.1,,,
Poland,POL,2008,20.7,,,
Poland,POL,2009,22.1,,,
Poland,POL,2010,23.5,,,
Poland,POL,2011,24.4,,,
Poland,POL,2012,25.1,,,
Poland,POL,2013,26,,,
Poland,POL,2014,27.1,,,
Portugal,PRT,2004,10.7,,,
Portugal,PRT,2005,10.9,,,
Portugal,PRT,2006,11.7,,,
Portugal,PRT,2007,11.8,,,
Portugal,PRT,2008,12.1,,,
Portugal,PRT,2009,12.5,,,
Portugal,PRT,2010,13.2,,,
Portugal,PRT,2011,14.5,,,
Portugal,PRT,2012,15.6,,,
Portugal,PRT,2013,16.3,,,
Portugal,PRT,2014,18,,,
Puerto Rico,PRI,2000,37.6,,,
Puerto Rico,PRI,2005,42.3,,,
Puerto Rico,PRI,2006,40.9,,,
Puerto Rico,PRI,2007,40.7,,,
Puerto Rico,PRI,2008,42.8,,,
Qatar,QAT,2004,25.5,,,
Qatar,QAT,2007,29.8,,,
Qatar,QAT,2008,26.4,,,
Qatar,QAT,2009,25.1,,,
Qatar,QAT,2010,18.7,,,
Qatar,QAT,2011,22.1,,,
Qatar,QAT,2012,25.3,,,
Qatar,QAT,2013,25,,,
Qatar,QAT,2014,24.6,,,
Romania,ROU,2002,12.6,,,
Romania,ROU,2007,14.7,,,
Romania,ROU,2008,15.3,,,
Romania,ROU,2009,15.5,,,
Romania,ROU,2010,15.9,,,
Romania,ROU,2011,16.7,,,
Romania,ROU,2012,17.1,,,
Romania,ROU,2013,17.4,,,
Romania,ROU,2014,17.2,,,
Saint Lucia,LCA,2013,15.5,,,
Samoa,WSM,2001,12.5,,,
Samoa,WSM,2011,15.3,,,
Saudi Arabia,SAU,2004,19.5,,,
Saudi Arabia,SAU,2013,25.9,,,
Senegal,SEN,2006,3.2,,,
Serbia,SRB,2002,13.2,,,
Serbia,SRB,2011,19.2,,,
Serbia,SRB,2014,20.3,,,
Singapore,SGP,2005,38.3,,,
Singapore,SGP,2006,36.8,,,
Singapore,SGP,2007,37.8,,,
Singapore,SGP,2008,40.4,,,
Singapore,SGP,2009,40.7,,,
Singapore,SGP,2010,46.5,,,
Singapore,SGP,2011,46.9,,,
Singapore,SGP,2012,48.7,,,
Singapore,SGP,2013,50,,,
Singapore,SGP,2014,51.2,,,
Slovakia,SVK,2001,12.5,,,
Slovakia,SVK,2011,20.7,,,
Slovakia,SVK,2014,19.5,,,
Slovenia,SVN,2004,18.3,,,
Slovenia,SVN,2009,20.7,,,
South Africa,ZAF,2001,8.9,,,
South Africa,ZAF,2002,10.3,,,
South Africa,ZAF,2003,10.4,,,
South Africa,ZAF,2004,10.9,,,
South Africa,ZAF,2005,11,,,
South Africa,ZAF,2006,10.3,,,
South Africa,ZAF,2007,10.9,,,
South Africa,ZAF,2008,12,,,
South Africa,ZAF,2009,12.2,,,
South Africa,ZAF,2010,12.4,,,
South Africa,ZAF,2011,12.7,,,
South Africa,ZAF,2012,13.6,,,
South Africa,ZAF,2014,14.6,,,
South Korea,KOR,1995,21.1,,,
South Sudan,SSD,2008,10.2,,,
Spain,ESP,2004,21.7,,,
Spain,ESP,2005,23.4,,,
Spain,ESP,2006,23.7,,,
Spain,ESP,2007,24.2,,,
Spain,ESP,2008,24.6,,,
Spain,ESP,2009,24.9,,,
Spain,ESP,2010,25.7,,,
Spain,ESP,2011,26.5,,,
Spain,ESP,2012,27,,,
Sri Lanka,LKA,2001,35.3,,,
Sri Lanka,LKA,2008,29.3,,,
Sri Lanka,LKA,2009,29.6,,,
Suriname,SUR,2004,3.9,,,
Sweden,SWE,2004,31.9,,,
Sweden,SWE,2005,32.7,,,
Sweden,SWE,2006,33.5,,,
Sweden,SWE,2007,34.3,,,
Sweden,SWE,2008,32.3,,,
Sweden,SWE,2009,33,,,
Sweden,SWE,2010,33.8,,,
Sweden,SWE,2011,34.6,,,
Sweden,SWE,2012,35.2,,,
Sweden,SWE,2013,35.9,,,
Sweden,SWE,2014,36.6,,,
Switzerland,CHE,2009,33.7,,,
Switzerland,CHE,2010,38.2,,,
Switzerland,CHE,2011,38.7,,,
Switzerland,CHE,2012,40.2,,,
Syria,SYR,2007,13,,,
Syria,SYR,2008,12.4,,,
Syria,SYR,2009,12.4,,,
Tajikistan,TJK,2000,19.8,,,
Tanzania,TZA,2012,2.6,,,
Thailand,THA,2004,13,,,
Thailand,THA,2006,12.9,,,
Thailand,THA,2010,12.9,,,
Thailand,THA,2013,16.9,,,
Togo,TGO,2009,2.9,,,
Togo,TGO,2011,5.4,,,
Tonga,TON,2006,12.1,,,
Tonga,TON,2011,16.8,,,
Trinidad and Tobago,TTO,2008,44.1,,,
Trinidad and Tobago,TTO,2009,43.9,,,
Tunisia,TUN,2012,12.4,,,
Turkey,TUR,2004,7.3,,,
Turkmenistan,TKM,1995,32.2,,,
Uganda,UGA,2008,6.9,,,
Uganda,UGA,2010,8.2,,,
Ukraine,UKR,2001,38.1,,,
United Arab Emirates,ARE,2005,22.6,,,
United Kingdom,GBR,2009,31.6,,,
United Kingdom,GBR,2010,33.8,,,
United Kingdom,GBR,2011,33.1,,,
United Kingdom,GBR,2012,37,,,
United States,USA,2004,36.1,,,
United States,USA,2005,36.2,,,
United States,USA,2006,37.4,,,
Uruguay,URY,1996,10.2,,,
Uruguay,URY,2006,9.6,,,
Uruguay,URY,2008,14.8,,,
Uruguay,URY,2009,14.9,,,
Uruguay,URY,2010,14.7,,,
Uruguay,URY,2011,10.9,,,
Uruguay,URY,2012,10.9,,,
Uruguay,URY,2013,11.8,,,
Venezuela,VEN,2001,22.4,,,
Venezuela,VEN,2011,24.9,,,
Vietnam,VNM,2009,12.1,,,
Zimbabwe,ZWE,2002,9.1,,,
